,State Code,County Code,year,Population,Good,Moderate,Unhealthy,Unhealthy for Sensitive Group,Very Unhealthy
0,1,3,2018,218071,249,23,0,0,0
1,1,3,2019,223565,245,28,0,0,0
2,1,3,2020,229287,256,15,0,0,0
3,1,33,2018,54970,254,22,0,0,0
4,1,33,2019,55241,256,8,0,0,0
5,1,49,2018,71430,320,32,0,0,0
6,1,49,2019,71506,336,29,0,0,0
7,1,49,2020,71658,354,12,0,0,0
8,1,51,2018,81189,213,12,0,0,0
9,1,51,2019,81575,226,13,0,0,0
10,1,51,2020,82158,203,0,0,0,0
11,1,55,2018,102766,253,32,0,0,0
12,1,55,2019,102460,243,37,0,0,0
13,1,55,2020,102371,262,17,0,0,0
14,1,69,2018,104943,257,24,0,0,0
15,1,69,2019,106240,263,20,0,0,0
16,1,73,2018,659672,268,94,0,3,0
17,1,73,2019,658539,260,98,0,7,0
18,1,73,2020,655342,310,55,0,1,0
19,1,89,2018,367386,245,40,0,1,0
20,1,89,2019,372547,240,43,0,0,0
21,1,89,2020,379453,266,20,0,0,0
22,1,97,2018,414275,326,35,0,0,0
23,1,97,2019,413516,337,27,0,0,0
24,1,97,2020,412716,340,13,0,0,0
25,1,101,2018,226631,256,26,0,0,0
26,1,101,2019,226074,246,33,0,1,0
27,1,101,2020,224639,265,14,0,0,0
28,1,103,2018,119216,252,32,0,0,0
29,1,103,2019,119630,248,30,0,0,0
30,1,103,2020,119883,255,17,0,0,0
31,1,113,2018,57933,232,37,0,0,0
32,1,113,2019,58098,245,36,0,0,0
33,1,113,2020,58237,259,16,0,0,0
34,1,117,2018,215877,336,27,0,2,0
35,1,117,2019,218176,318,42,0,3,0
36,1,117,2020,221428,354,12,0,0,0
37,1,119,2018,12661,229,13,0,0,0
38,1,119,2019,12358,235,9,0,0,0
39,1,119,2020,12225,242,0,0,0,0
40,1,125,2018,208607,259,25,0,1,0
41,1,125,2019,210321,244,22,0,0,0
42,1,125,2020,210758,271,9,0,0,0
43,2,20,2018,291377,204,0,0,0,0
44,2,20,2019,288790,209,0,0,0,0
45,2,20,2020,287095,366,0,0,0,0
46,2,68,2018,2047,363,2,0,0,0
47,2,68,2019,2125,363,1,0,0,0
48,2,68,2020,2081,354,1,0,0,0
49,2,90,2018,98749,261,78,0,26,0
50,2,90,2019,97088,243,95,4,20,3
51,2,90,2020,95651,267,71,1,27,0
52,2,110,2018,32044,28,1,0,0,0
53,2,170,2018,107325,329,2,0,0,0
54,2,170,2019,108578,50,9,0,0,0
55,2,170,2020,110213,58,2,0,0,0
56,4,3,2018,126581,293,60,0,0,0
57,4,3,2019,127248,291,73,0,0,0
58,4,3,2020,127450,320,45,0,0,0
59,4,5,2018,142914,250,114,0,1,0
60,4,5,2019,143967,308,57,0,0,0
61,4,5,2020,142481,327,39,0,0,0
62,4,7,2018,53833,115,178,4,68,0
63,4,7,2019,54077,158,165,3,39,0
64,4,7,2020,54303,252,104,1,9,0
65,4,12,2018,21030,276,89,0,0,0
66,4,12,2019,21257,317,46,0,0,0
67,4,12,2020,21480,311,55,0,0,0
68,4,13,2018,4405306,139,200,0,26,0
69,4,13,2019,4492261,177,176,0,12,0
70,4,13,2020,4579081,82,104,118,62,0
71,4,17,2018,110490,266,97,0,1,0
72,4,17,2019,111037,308,50,0,1,0
73,4,17,2020,112112,328,37,0,1,0
74,4,19,2018,1037746,256,107,0,2,0
75,4,19,2019,1049261,276,89,0,0,0
76,4,19,2020,1061175,275,89,0,2,0
77,4,21,2018,446524,213,142,0,10,0
78,4,21,2019,461640,217,145,0,3,0
79,4,21,2020,480828,195,152,1,18,0
80,4,23,2018,46446,47,13,0,0,0
81,4,23,2019,46728,49,12,0,0,0
82,4,23,2020,46808,40,12,0,0,0
83,4,25,2018,232467,298,67,0,0,0
84,4,25,2019,236062,320,40,0,0,0
85,4,25,2020,240226,271,60,0,1,0
86,4,27,2018,211245,291,56,0,4,0
87,4,27,2019,214182,307,57,0,0,0
88,4,27,2020,217824,325,41,0,0,0
89,5,7,2019,279835,121,25,0,0,0
90,5,19,2018,22358,351,13,0,0,0
91,5,19,2019,22365,354,7,0,0,0
92,5,19,2020,22103,345,1,0,0,0
93,5,31,2018,109074,71,18,0,0,0
94,5,31,2019,110772,43,5,0,0,0
95,5,35,2018,48365,310,50,0,2,0
96,5,35,2019,47924,317,46,0,0,0
97,5,35,2020,47616,333,28,0,2,0
98,5,51,2018,99121,99,18,0,0,0
99,5,51,2019,99472,93,23,0,0,0
100,5,51,2020,99789,105,15,0,0,0
101,5,101,2018,7780,348,17,0,0,0
102,5,101,2019,7712,355,10,0,0,0
103,5,101,2020,7602,360,4,0,0,0
104,5,113,2018,20019,338,24,0,0,0
105,5,113,2019,19944,337,21,0,1,0
106,5,113,2020,19707,352,7,0,0,0
107,5,119,2018,392184,269,95,0,1,0
108,5,119,2019,392318,259,106,0,0,0
109,5,119,2020,392980,302,63,0,1,0
110,5,139,2018,39130,99,16,0,1,0
111,5,139,2019,38677,98,21,0,0,0
112,5,139,2020,38219,106,13,0,0,0
113,5,143,2018,236855,309,56,0,0,0
114,5,143,2019,239392,337,28,0,0,0
115,5,143,2020,243216,355,11,0,0,0
116,6,1,2018,1666596,335,28,0,2,0
117,6,1,2019,1668412,335,25,0,5,0
118,6,1,2020,1662323,326,35,0,5,0
119,6,5,2018,39349,293,67,0,5,0
120,6,5,2019,39693,325,35,0,1,0
121,6,5,2020,40083,332,26,0,3,0
122,6,7,2018,230330,208,129,6,20,2
123,6,7,2019,218726,310,54,0,0,0
124,6,7,2020,212744,290,72,1,3,0
125,6,9,2018,45747,271,85,0,6,0
126,6,9,2019,46119,318,42,0,0,0
127,6,9,2020,46308,311,52,1,2,0
128,6,11,2018,21389,350,9,0,0,0
129,6,11,2019,21474,365,0,0,0,0
130,6,11,2020,21558,364,2,0,0,0
131,6,13,2018,1150840,340,24,0,1,0
132,6,13,2019,1152883,329,33,0,3,0
133,6,13,2020,1152333,329,31,1,5,0
134,6,17,2018,190925,232,102,5,24,0
135,6,17,2019,193057,285,78,0,2,0
136,6,17,2020,192925,269,82,2,11,0
137,6,19,2018,991298,119,186,5,55,0
138,6,19,2019,997847,168,163,0,34,0
139,6,19,2020,1000918,139,169,10,48,0
140,6,21,2018,27899,249,12,0,0,0
141,6,21,2019,28445,347,12,0,0,0
142,6,21,2020,28283,357,4,0,0,0
143,6,23,2018,136502,351,12,0,2,0
144,6,23,2019,135839,354,10,0,0,0
145,6,23,2020,134977,342,19,0,1,0
146,6,25,2018,181062,172,173,1,19,0
147,6,25,2019,180439,170,183,0,12,0
148,6,25,2020,180267,181,173,0,12,0
149,6,27,2018,17894,224,128,1,12,0
150,6,27,2019,17993,268,96,0,1,0
151,6,27,2020,18046,276,86,2,2,0
152,6,29,2018,893618,76,183,11,95,0
153,6,29,2019,898898,139,171,1,54,0
154,6,29,2020,901362,92,181,13,80,0
155,6,31,2018,151221,199,135,3,28,0
156,6,31,2019,152727,238,112,0,15,0
157,6,31,2020,152692,212,124,3,27,0
158,6,33,2018,64394,350,5,1,2,0
159,6,33,2019,64463,364,0,0,0,0
160,6,33,2020,64479,350,6,2,2,0
161,6,37,2018,10061533,83,205,13,64,0
162,6,37,2019,10011602,106,196,15,48,0
163,6,37,2020,9943046,76,173,32,85,0
164,6,39,2018,156373,248,108,1,8,0
165,6,39,2019,156717,257,102,0,6,0
166,6,39,2020,157761,232,107,4,23,0
167,6,41,2018,260091,363,1,0,0,0
168,6,41,2019,259085,350,4,0,1,0
169,6,41,2020,257332,360,6,0,0,0
170,6,43,2018,17361,243,101,0,21,0
171,6,43,2019,17117,274,89,0,2,0
172,6,43,2020,17160,254,97,3,12,0
173,6,45,2018,87549,363,2,0,0,0
174,6,45,2019,86932,359,0,0,0,0
175,6,45,2020,86061,354,8,0,0,0
176,6,47,2018,273733,252,95,1,17,0
177,6,47,2019,277114,257,106,0,2,0
178,6,47,2020,279252,245,105,2,14,0
179,6,53,2018,433359,359,4,0,2,0
180,6,53,2019,433380,352,13,0,0,0
181,6,53,2020,430906,360,5,0,1,0
182,6,55,2018,138620,360,3,0,0,0
183,6,55,2019,137678,356,7,0,1,0
184,6,55,2020,135965,353,12,0,1,0
185,6,57,2018,99472,268,77,4,15,0
186,6,57,2019,99648,292,67,0,3,0
187,6,57,2020,99606,256,59,3,13,0
188,6,59,2018,3175579,229,124,0,12,0
189,6,59,2019,3170851,240,116,1,8,0
190,6,59,2020,3166857,193,137,3,33,0
191,6,61,2018,392735,307,46,1,11,0
192,6,61,2019,398918,271,88,0,6,0
193,6,61,2020,402950,244,103,1,18,0
194,6,65,2018,2443221,86,190,18,71,0
195,6,65,2019,2465569,103,173,14,75,0
196,6,65,2020,2489188,93,172,21,80,0
197,6,67,2018,1539550,212,129,7,16,1
198,6,67,2019,1551660,233,125,0,7,0
199,6,67,2020,1559146,206,132,5,23,0
200,6,69,2018,61415,319,46,0,0,0
201,6,69,2019,62803,339,26,0,0,0
202,6,69,2020,64055,329,36,0,1,0
203,6,71,2018,2165627,70,164,30,101,0
204,6,71,2019,2177279,100,146,40,79,0
205,6,71,2020,2189183,69,150,59,88,0
206,6,73,2018,3332483,161,187,0,17,0
207,6,73,2019,3330459,197,158,1,9,0
208,6,73,2020,3332427,184,156,1,25,0
209,6,75,2018,879676,354,10,0,0,0
210,6,75,2019,878826,361,3,0,0,0
211,6,75,2020,866606,366,0,0,0,0
212,6,77,2018,752590,293,67,0,5,0
213,6,77,2019,761571,305,56,0,4,0
214,6,77,2020,767967,323,40,0,3,0
215,6,79,2018,283250,296,67,0,2,0
216,6,79,2019,282728,299,66,0,0,0
217,6,79,2020,282249,278,75,1,12,0
218,6,81,2018,768410,357,8,0,0,0
219,6,81,2019,764810,362,1,0,2,0
220,6,81,2020,758308,363,2,0,1,0
221,6,83,2018,445137,309,56,0,0,0
222,6,83,2019,445464,325,40,0,0,0
223,6,83,2020,444766,330,31,0,5,0
224,6,85,2018,1931985,310,50,1,4,0
225,6,85,2019,1922411,320,41,0,4,0
226,6,85,2020,1907105,309,51,1,5,0
227,6,87,2018,273713,363,2,0,0,0
228,6,87,2019,272870,362,3,0,0,0
229,6,87,2020,269925,363,2,0,0,0
230,6,89,2018,179666,290,63,2,10,0
231,6,89,2019,179645,321,43,0,0,0
232,6,89,2020,179027,311,49,0,6,0
233,6,93,2018,43624,334,29,0,2,0
234,6,93,2019,43663,350,5,0,0,0
235,6,93,2020,43245,360,6,0,0,0
236,6,95,2018,445931,355,9,0,1,0
237,6,95,2019,447434,346,18,0,1,0
238,6,95,2020,446935,341,22,0,3,0
239,6,97,2018,497221,360,5,0,0,0
240,6,97,2019,492318,358,2,0,0,0
241,6,97,2020,489819,365,1,0,0,0
242,6,99,2018,547855,253,92,2,18,0
243,6,99,2019,549761,289,66,0,10,0
244,6,99,2020,550081,272,80,0,14,0
245,6,101,2018,96348,236,113,0,16,0
246,6,101,2019,96910,254,108,0,2,0
247,6,101,2020,96385,284,75,0,6,0
248,6,103,2018,63904,198,94,0,9,0
249,6,103,2019,65186,309,56,0,0,0
250,6,103,2020,64494,304,57,0,5,0
251,6,107,2018,464279,142,150,3,70,0
252,6,107,2019,465751,180,132,0,53,0
253,6,107,2020,468680,174,100,7,85,0
254,6,109,2018,54250,263,76,0,16,0
255,6,109,2019,54290,282,81,0,0,0
256,6,109,2020,54515,294,61,0,5,0
257,6,111,2018,847222,262,95,0,8,0
258,6,111,2019,844203,267,94,0,4,0
259,6,111,2020,841387,276,74,1,15,0
260,6,113,2018,220082,311,51,2,1,0
261,6,113,2019,220019,321,44,0,0,0
262,6,113,2020,219728,337,24,1,4,0
263,8,1,2018,511485,267,91,0,0,0
264,8,1,2019,516575,309,56,0,0,0
265,8,1,2020,519883,277,80,0,7,0
266,8,5,2018,652395,244,112,0,9,0
267,8,5,2019,656051,246,116,0,3,0
268,8,5,2020,657452,261,97,0,8,0
269,8,7,2018,13670,322,24,0,0,0
270,8,7,2019,13928,264,57,0,0,0
271,8,7,2020,14196,285,49,0,0,0
272,8,13,2018,325438,230,105,0,16,0
273,8,13,2019,326020,265,98,0,0,0
274,8,13,2020,327171,254,97,0,6,0
275,8,15,2018,20066,80,86,0,2,0
276,8,19,2018,9552,159,114,0,19,0
277,8,19,2019,9598,228,65,0,1,0
278,8,19,2020,9586,150,45,0,3,0
279,8,29,2018,30835,253,1,0,0,0
280,8,29,2019,31021,342,17,0,0,0
281,8,29,2020,31067,248,19,0,0,0
282,8,31,2018,716340,210,152,0,3,0
283,8,31,2019,725508,216,148,0,1,0
284,8,31,2020,735538,227,133,0,6,0
285,8,35,2018,343780,243,105,0,13,0
286,8,35,2019,351842,258,94,0,6,0
287,8,35,2020,360750,256,97,0,10,0
288,8,41,2018,712746,257,105,0,3,0
289,8,41,2019,721929,279,86,0,0,0
290,8,41,2020,728310,279,80,0,7,0
291,8,45,2018,59722,239,122,0,4,0
292,8,45,2019,60031,322,43,0,0,0
293,8,45,2020,60366,274,90,0,2,0
294,8,47,2019,6232,126,18,0,1,0
295,8,47,2020,6235,292,63,0,5,0
296,8,49,2018,15556,118,50,0,1,0
297,8,51,2018,17177,233,120,0,2,0
298,8,51,2019,17480,295,69,0,0,0
299,8,51,2020,17593,296,41,0,0,0
300,8,59,2018,580027,235,102,0,28,0
301,8,59,2019,582800,250,108,0,7,0
302,8,59,2020,583283,234,114,0,18,0
303,8,67,2018,56511,263,102,0,0,0
304,8,67,2019,56440,283,82,0,0,0
305,8,67,2020,56564,301,65,0,0,0
306,8,69,2018,351045,233,116,1,15,0
307,8,69,2019,357241,248,116,0,1,0
308,8,69,2020,360428,259,103,0,4,0
309,8,77,2018,153339,244,120,0,1,0
310,8,77,2019,154552,312,44,0,0,0
311,8,77,2020,155603,324,42,0,0,0
312,8,81,2018,13148,279,58,0,0,0
313,8,83,2018,26303,267,92,0,1,0
314,8,83,2019,26369,296,69,0,0,0
315,8,83,2020,26408,320,45,0,1,0
316,8,85,2018,42309,269,65,0,1,0
317,8,93,2018,18583,203,137,1,11,0
318,8,101,2018,167574,105,6,0,0,0
319,8,101,2019,168409,113,0,0,0,0
320,8,101,2020,169823,67,3,0,0,0
321,8,103,2018,6347,270,95,0,0,0
322,8,103,2019,6350,327,38,0,0,0
323,8,103,2020,6342,335,29,0,2,0
324,8,113,2018,8195,121,73,0,0,0
325,8,119,2018,25158,76,89,0,4,0
326,8,123,2018,315360,250,111,0,4,0
327,8,123,2019,324703,312,53,0,0,0
328,8,123,2020,333983,277,85,0,4,0
329,9,1,2018,945511,301,47,1,16,0
330,9,1,2019,944388,306,49,0,10,0
331,9,1,2020,942426,311,45,0,10,0
332,9,3,2018,892767,327,36,0,2,0
333,9,3,2019,891349,336,26,0,3,0
334,9,3,2020,889226,346,20,0,0,0
335,9,5,2018,181151,332,29,0,2,0
336,9,5,2019,180396,349,16,0,0,0
337,9,5,2020,179610,342,21,0,0,0
338,9,7,2018,163053,175,30,0,6,0
339,9,7,2019,162538,182,24,0,6,0
340,9,7,2020,161657,192,22,0,1,0
341,9,9,2018,856895,314,42,0,7,0
342,9,9,2019,853818,318,38,0,9,0
343,9,9,2020,851948,312,46,1,7,0
344,9,11,2018,267089,215,15,0,6,0
345,9,11,2019,265784,211,22,0,6,0
346,9,11,2020,264999,184,27,1,2,0
347,9,13,2018,150913,192,22,0,1,0
348,9,13,2019,150865,194,18,0,3,0
349,9,13,2020,150600,200,13,0,0,0
350,9,15,2018,117182,340,21,0,3,0
351,9,15,2019,116884,351,12,0,0,0
352,9,15,2020,116540,350,8,0,0,0
353,10,1,2018,178954,326,37,0,2,0
354,10,1,2019,181492,326,39,0,0,0
355,10,1,2020,183643,345,15,0,0,0
356,10,3,2018,557983,281,79,0,5,0
357,10,3,2019,559941,288,76,0,1,0
358,10,3,2020,561531,325,41,0,0,0
359,10,5,2018,230048,322,41,0,2,0
360,10,5,2019,235235,338,27,0,0,0
361,10,5,2020,241635,353,13,0,0,0
362,11,1,2018,704147,302,60,0,3,0
363,11,1,2019,708253,293,71,0,1,0
364,11,1,2020,712816,343,23,0,0,0
365,12,1,2018,269190,344,21,0,0,0
366,12,1,2019,269489,345,20,0,0,0
367,12,1,2020,271218,356,8,0,0,0
368,12,3,2018,28381,346,16,0,0,0
369,12,3,2019,29288,350,15,0,0,0
370,12,3,2020,29566,363,3,0,0,0
371,12,5,2018,186555,304,20,0,0,0
372,12,5,2019,173895,343,21,0,0,0
373,12,5,2020,171322,359,6,0,0,0
374,12,9,2018,594978,340,24,0,1,0
375,12,9,2019,601024,345,6,0,0,0
376,12,9,2020,608459,358,8,0,0,0
377,12,11,2018,1948058,338,27,0,0,0
378,12,11,2019,1955475,350,14,0,0,0
379,12,11,2020,1958105,341,24,0,1,0
380,12,17,2018,147920,355,4,0,0,0
381,12,17,2019,150153,365,0,0,0,0
382,12,17,2020,153010,360,5,0,0,0
383,12,21,2018,378657,349,16,0,0,0
384,12,21,2019,385917,276,9,0,0,0
385,12,21,2020,392973,357,9,0,0,0
386,12,23,2018,70719,345,18,0,0,0
387,12,23,2019,71766,335,23,0,0,0
388,12,23,2020,72654,278,0,0,0,0
389,12,31,2018,950469,335,30,0,0,0
390,12,31,2019,959853,318,45,0,0,0
391,12,31,2020,966728,354,12,0,0,0
392,12,33,2018,315857,325,40,0,0,0
393,12,33,2019,319379,337,28,0,0,0
394,12,33,2020,322364,350,11,0,0,0
395,12,35,2018,112415,337,13,0,0,0
396,12,35,2019,115481,265,5,0,0,0
397,12,35,2020,118451,363,3,0,0,0
398,12,55,2018,104453,351,13,0,0,0
399,12,55,2019,105890,231,7,0,0,0
400,12,55,2020,106639,348,15,0,0,0
401,12,57,2018,1455351,313,50,0,2,0
402,12,57,2019,1476431,321,42,0,2,0
403,12,57,2020,1497957,326,39,0,1,0
404,12,59,2018,19512,336,13,0,0,0
405,12,59,2019,19661,343,20,0,0,0
406,12,59,2020,19594,345,1,0,0,0
407,12,61,2018,157023,336,24,0,0,0
408,12,61,2019,159739,332,10,0,0,0
409,12,61,2020,162518,338,12,0,0,0
410,12,69,2018,357086,334,31,0,0,0
411,12,69,2019,366941,307,27,0,0,0
412,12,69,2020,375492,356,10,0,0,0
413,12,71,2018,755159,342,23,0,0,0
414,12,71,2019,772268,346,18,0,0,0
415,12,71,2020,790767,354,12,0,0,0
416,12,73,2018,291905,332,25,0,0,0
417,12,73,2019,293866,333,26,0,1,0
418,12,73,2020,295460,354,11,0,1,0
419,12,77,2018,8421,275,11,0,0,0
420,12,77,2019,8341,351,8,0,0,0
421,12,77,2020,8364,362,0,0,0,0
422,12,81,2018,394043,337,27,0,1,0
423,12,81,2019,402977,336,29,0,0,0
424,12,81,2020,411219,357,9,0,0,0
425,12,83,2018,359630,346,19,0,0,0
426,12,83,2019,365997,346,19,0,0,0
427,12,83,2020,373513,356,10,0,0,0
428,12,85,2018,160661,346,14,0,1,0
429,12,85,2019,161212,338,9,0,0,0
430,12,85,2020,162088,352,5,0,0,0
431,12,86,2018,2709711,336,28,0,1,0
432,12,86,2019,2711612,348,13,0,0,0
433,12,86,2020,2707303,346,17,0,0,0
434,12,89,2018,85923,352,2,0,1,0
435,12,89,2019,88583,345,4,0,0,0
436,12,89,2020,91113,354,7,1,2,0
437,12,91,2018,207731,334,21,0,0,0
438,12,91,2019,211411,338,20,0,0,0
439,12,91,2020,212820,359,5,0,0,0
440,12,95,2018,1383657,340,24,0,1,0
441,12,95,2019,1395371,341,19,0,0,0
442,12,95,2020,1404396,359,7,0,0,0
443,12,97,2018,367359,333,31,0,1,0
444,12,97,2019,374170,343,20,0,2,0
445,12,97,2020,385315,356,10,0,0,0
446,12,99,2018,1482833,345,20,0,0,0
447,12,99,2019,1497800,350,7,0,0,0
448,12,99,2020,1507600,348,13,0,0,0
449,12,101,2018,539129,328,36,0,1,0
450,12,101,2019,554032,341,24,0,0,0
451,12,101,2020,570412,358,8,0,0,0
452,12,103,2018,973343,336,29,0,0,0
453,12,103,2019,975367,336,29,0,0,0
454,12,103,2020,976802,352,14,0,0,0
455,12,105,2018,707095,337,27,0,1,0
456,12,105,2019,724967,344,21,0,0,0
457,12,105,2020,744552,354,12,0,0,0
458,12,107,2018,73968,346,0,0,0,0
459,12,107,2019,74309,354,0,0,0,0
460,12,107,2020,74815,366,0,0,0,0
461,12,111,2018,320340,344,17,0,0,0
462,12,111,2019,328063,345,8,0,0,0
463,12,111,2020,337186,358,6,0,0,0
464,12,113,2018,179573,340,22,0,0,0
465,12,113,2019,184587,336,22,0,0,0
466,12,113,2020,189139,352,14,0,0,0
467,12,115,2018,426890,337,28,0,0,0
468,12,115,2019,435006,350,15,0,0,0
469,12,115,2020,443465,353,13,0,0,0
470,12,117,2018,468195,326,32,0,2,0
471,12,117,2019,471791,345,20,0,0,0
472,12,117,2020,474171,356,8,0,0,0
473,12,127,2018,547117,342,23,0,0,0
474,12,127,2019,554065,344,8,0,0,0
475,12,127,2020,561497,354,7,0,0,0
476,12,129,2018,32369,336,18,0,0,0
477,12,129,2019,33636,356,9,0,0,0
478,12,129,2020,34319,361,2,0,0,0
479,13,21,2018,153069,330,35,0,0,0
480,13,21,2019,153191,306,58,0,1,0
481,13,21,2020,152737,350,16,0,0,0
482,13,51,2018,289771,333,32,0,0,0
483,13,51,2019,290185,329,36,0,0,0
484,13,51,2020,289463,346,19,0,1,0
485,13,55,2018,24836,231,15,0,0,0
486,13,55,2019,24846,235,11,0,0,0
487,13,55,2020,24843,245,1,0,0,0
488,13,59,2018,127179,252,29,0,0,0
489,13,59,2019,128238,227,37,0,0,0
490,13,59,2020,127795,242,4,0,0,0
491,13,63,2018,289229,101,17,0,0,0
492,13,63,2019,292404,98,20,0,0,0
493,13,63,2020,292646,103,18,0,0,0
494,13,67,2018,757133,239,43,0,0,0
495,13,67,2019,761060,234,49,0,1,0
496,13,67,2020,762944,265,20,0,0,0
497,13,69,2018,43060,112,4,0,0,0
498,13,69,2019,43278,107,13,0,0,0
499,13,69,2020,43218,115,4,0,1,0
500,13,73,2018,154399,226,20,0,0,0
501,13,73,2019,157129,234,12,0,0,0
502,13,73,2020,160377,244,0,0,0,0
503,13,89,2018,755514,310,55,0,0,0
504,13,89,2019,759932,285,76,0,2,0
505,13,89,2020,762009,338,27,0,1,0
506,13,95,2018,89247,287,50,0,1,0
507,13,95,2019,87854,265,76,0,0,0
508,13,95,2020,86477,201,37,0,1,0
509,13,97,2018,145260,222,23,0,0,0
510,13,97,2019,146680,217,28,0,1,0
511,13,97,2020,147988,242,4,0,0,0
512,13,115,2018,97907,365,0,0,0,0
513,13,115,2019,98325,363,2,0,0,0
514,13,115,2020,98604,366,0,0,0,0
515,13,121,2018,1051516,289,73,0,3,0
516,13,121,2019,1065019,278,83,1,3,0
517,13,121,2020,1077402,333,33,0,0,0
518,13,127,2018,85099,261,12,0,0,0
519,13,127,2019,85326,258,22,0,0,0
520,13,127,2020,85568,275,11,0,0,0
521,13,135,2018,928072,226,37,0,0,0
522,13,135,2019,937399,201,44,0,1,0
523,13,135,2020,942627,236,10,0,0,0
524,13,139,2018,201396,92,5,0,0,0
525,13,151,2018,229873,210,33,0,1,0
526,13,151,2019,234671,208,33,0,5,0
527,13,151,2020,239139,240,6,0,0,0
528,13,153,2018,155004,107,9,0,0,0
529,13,153,2019,157427,99,15,0,0,0
530,13,153,2020,160110,100,9,0,0,0
531,13,185,2018,116361,110,8,0,0,0
532,13,185,2019,117600,101,11,0,0,0
533,13,185,2020,118268,109,9,0,1,0
534,13,213,2018,39836,219,24,0,0,0
535,13,213,2019,39996,221,25,0,0,0
536,13,213,2020,40032,234,8,0,0,0
537,13,215,2018,194362,248,37,0,0,0
538,13,215,2019,196074,241,43,0,0,0
539,13,215,2020,196442,267,18,0,0,0
540,13,231,2018,18622,282,10,0,1,0
541,13,231,2019,18953,316,37,0,3,0
542,13,231,2020,19121,359,2,0,0,0
543,13,245,2018,202027,329,33,0,3,0
544,13,245,2019,202639,306,46,0,0,0
545,13,245,2020,202079,358,6,0,2,0
546,13,247,2018,90402,209,35,0,1,0
547,13,247,2019,90639,192,51,0,1,0
548,13,247,2020,90939,239,7,0,0,0
549,13,261,2018,29713,224,20,0,0,0
550,13,261,2019,29401,216,24,0,0,0
551,13,261,2020,29282,243,3,0,0,0
552,13,295,2018,69507,85,9,0,0,0
553,13,295,2019,69769,85,18,0,0,0
554,13,295,2020,70116,54,4,0,0,0
555,15,1,2018,202263,153,45,106,61,0
556,15,1,2019,202165,338,23,0,4,0
557,15,1,2020,203340,355,0,9,2,0
558,15,3,2018,981076,358,7,0,0,0
559,15,3,2019,973491,338,27,0,0,0
560,15,3,2020,963826,351,15,0,0,0
561,15,7,2018,72292,354,0,0,0,0
562,15,7,2019,72190,364,1,0,0,0
563,15,7,2020,71851,366,0,0,0,0
564,16,1,2018,469161,309,53,0,3,0
565,16,1,2019,481880,353,12,0,0,0
566,16,1,2020,494399,323,40,0,3,0
567,16,5,2018,86761,344,21,0,0,0
568,16,5,2019,87822,356,9,0,0,0
569,16,5,2020,88795,315,48,0,2,0
570,16,23,2018,2592,331,33,0,1,0
571,16,23,2019,2620,354,10,0,0,0
572,16,23,2020,2646,345,20,0,1,0
573,16,27,2018,223518,90,26,0,1,0
574,16,27,2019,230270,92,12,0,0,0
575,16,27,2020,237053,249,70,0,14,0
576,16,41,2018,13718,278,38,0,3,0
577,16,41,2019,13898,316,28,0,3,0
578,16,41,2020,14215,304,36,0,3,0
579,16,49,2018,16469,339,16,0,1,0
580,16,49,2019,16623,351,1,0,0,0
581,16,49,2020,16823,325,3,0,0,0
582,17,1,2018,65603,233,13,0,0,0
583,17,1,2019,65402,216,26,0,0,0
584,17,1,2020,64783,225,21,0,0,0
585,17,19,2018,210206,318,46,0,1,0
586,17,19,2019,209612,312,53,0,0,0
587,17,19,2020,209192,333,32,0,1,0
588,17,23,2018,15594,339,20,0,0,0
589,17,23,2019,15465,316,12,0,0,0
590,17,23,2020,15268,350,14,0,0,0
591,17,31,2018,5171007,222,130,1,12,0
592,17,31,2019,5145326,264,97,0,4,0
593,17,31,2020,5108284,258,97,0,11,0
594,17,43,2018,927808,189,42,0,1,0
595,17,43,2019,922761,222,22,1,0,0
596,17,43,2020,917481,214,21,0,3,0
597,17,49,2018,34233,223,22,0,1,0
598,17,49,2019,34109,229,17,0,0,0
599,17,49,2020,34065,159,9,0,0,0
600,17,65,2018,8149,213,31,0,0,0
601,17,65,2019,8133,214,32,0,0,0
602,17,65,2020,8084,212,18,0,0,0
603,17,83,2018,21738,205,39,0,2,0
604,17,83,2019,21667,217,27,0,2,0
605,17,83,2020,21616,227,18,0,1,0
606,17,85,2018,21349,337,18,0,1,0
607,17,85,2019,21224,356,9,0,0,0
608,17,85,2020,21239,343,14,0,0,0
609,17,89,2018,532838,299,62,0,3,0
610,17,89,2019,532293,234,50,0,1,0
611,17,89,2020,531010,231,48,0,3,0
612,17,97,2018,700455,313,38,0,5,0
613,17,97,2019,697134,215,30,0,1,0
614,17,97,2020,693593,200,36,1,5,0
615,17,99,2018,109136,363,2,0,0,0
616,17,99,2019,108517,341,1,0,0,0
617,17,99,2020,107571,348,0,0,0,0
618,17,111,2018,308145,299,52,0,4,0
619,17,111,2019,307439,217,34,0,1,0
620,17,111,2020,305888,193,33,0,4,0
621,17,113,2018,172368,334,31,0,0,0
622,17,113,2019,171272,215,31,0,0,0
623,17,113,2020,171256,224,21,0,1,0
624,17,115,2018,104529,253,103,0,9,0
625,17,115,2019,104012,336,29,0,0,0
626,17,115,2020,103015,337,29,0,0,0
627,17,117,2018,45342,339,25,0,1,0
628,17,117,2019,45079,351,14,0,0,0
629,17,117,2020,44567,352,14,0,0,0
630,17,119,2018,264481,267,90,0,8,0
631,17,119,2019,263609,270,92,0,3,0
632,17,119,2020,262635,287,78,0,1,0
633,17,143,2018,180773,326,33,0,0,0
634,17,143,2019,179359,216,30,0,0,0
635,17,143,2020,177652,226,19,0,1,0
636,17,157,2018,32161,210,24,0,1,0
637,17,157,2019,31725,204,26,0,0,0
638,17,157,2020,31351,233,13,0,0,0
639,17,161,2018,142522,341,24,0,0,0
640,17,161,2019,141775,224,21,0,1,0
641,17,161,2020,140907,206,16,0,0,0
642,17,163,2018,261631,303,58,1,2,0
643,17,163,2019,259889,324,40,0,0,0
644,17,163,2020,258046,334,30,0,0,0
645,17,167,2018,195802,330,34,0,1,0
646,17,167,2019,194882,220,20,0,0,0
647,17,167,2020,193882,226,20,0,0,0
648,17,179,2018,132465,137,0,0,0,0
649,17,179,2019,131848,354,0,0,0,0
650,17,179,2020,130777,366,0,0,0,0
651,17,197,2018,690934,323,33,0,3,0
652,17,197,2019,690176,227,18,0,0,0
653,17,197,2020,688726,225,19,0,1,0
654,17,201,2018,283588,320,41,0,1,0
655,17,201,2019,282465,207,20,0,0,0
656,17,201,2020,281295,212,17,0,0,0
657,18,3,2018,375076,321,43,0,1,0
658,18,3,2019,379006,336,29,0,0,0
659,18,3,2020,382187,340,26,0,0,0
660,18,5,2018,83062,325,40,0,0,0
661,18,5,2019,84063,334,30,0,0,0
662,18,5,2020,84447,344,20,0,0,0
663,18,11,2018,66999,327,37,0,1,0
664,18,11,2019,67915,326,28,0,0,0
665,18,11,2020,69347,332,20,0,0,0
666,18,13,2018,15244,341,22,0,0,0
667,18,13,2019,15066,351,14,0,0,0
668,18,13,2020,15112,351,13,0,0,0
669,18,15,2018,20208,343,17,0,2,0
670,18,15,2019,20211,342,19,0,0,0
671,18,15,2020,20228,356,9,0,0,0
672,18,19,2018,117287,305,53,0,2,0
673,18,19,2019,118191,320,45,0,0,0
674,18,19,2020,119266,333,31,0,0,0
675,18,27,2018,33314,354,0,0,0,0
676,18,27,2019,33439,365,0,0,0,0
677,18,27,2020,33505,366,0,0,0,0
678,18,35,2018,114118,321,38,0,2,0
679,18,35,2019,113769,322,31,0,0,0
680,18,35,2020,113454,333,33,0,0,0
681,18,37,2018,42568,93,23,0,0,0
682,18,37,2019,42578,101,18,0,0,0
683,18,37,2020,42542,102,17,0,0,0
684,18,39,2018,205588,309,35,0,0,0
685,18,39,2019,206268,355,8,0,0,0
686,18,39,2020,206161,346,13,0,0,0
687,18,43,2018,77870,327,27,0,3,0
688,18,43,2019,78601,342,21,0,0,0
689,18,43,2020,78936,350,15,0,1,0
690,18,51,2018,33622,355,10,0,0,0
691,18,51,2019,33709,359,4,0,0,0
692,18,51,2020,33825,348,14,0,1,0
693,18,55,2018,32124,313,46,0,2,0
694,18,55,2019,32117,324,33,0,0,0
695,18,55,2020,32203,330,30,0,0,0
696,18,57,2018,330635,326,35,0,4,0
697,18,57,2019,337955,304,60,0,1,0
698,18,57,2020,344238,326,39,0,0,0
699,18,63,2018,166759,342,23,0,0,0
700,18,63,2019,169924,350,11,0,0,0
701,18,63,2020,173251,355,11,0,0,0
702,18,65,2018,48205,100,14,0,1,0
703,18,65,2019,48025,106,13,0,0,0
704,18,65,2020,48033,105,10,0,0,0
705,18,67,2018,82339,307,41,0,0,0
706,18,67,2019,82660,324,29,0,0,0
707,18,67,2020,82732,342,24,0,0,0
708,18,69,2018,36249,340,18,0,0,0
709,18,69,2019,36544,348,8,0,0,0
710,18,71,2018,44049,322,19,0,0,0
711,18,71,2019,44179,348,13,0,0,0
712,18,83,2018,36602,323,35,0,3,0
713,18,83,2019,36603,336,26,0,0,0
714,18,83,2020,36522,339,21,0,0,0
715,18,89,2018,484918,287,73,0,5,0
716,18,89,2019,486244,303,62,0,0,0
717,18,89,2020,487536,304,57,0,5,0
718,18,91,2018,110134,315,43,0,5,0
719,18,91,2019,110044,308,53,0,3,0
720,18,91,2020,109663,315,45,0,6,0
721,18,95,2018,129509,309,38,0,4,0
722,18,95,2019,129416,337,26,0,0,0
723,18,95,2020,129681,308,13,0,0,0
724,18,97,2018,959370,291,64,0,10,0
725,18,97,2019,963829,283,80,0,2,0
726,18,97,2020,966183,303,62,0,1,0
727,18,105,2018,147411,97,20,0,0,0
728,18,105,2019,148178,106,13,0,0,0
729,18,105,2020,148219,109,9,0,0,0
730,18,109,2018,70108,334,28,0,3,0
731,18,109,2019,70403,343,21,0,0,0
732,18,123,2018,19100,328,22,0,0,0
733,18,123,2019,19184,333,27,0,0,0
734,18,123,2020,19154,354,12,0,0,0
735,18,125,2018,12384,365,0,0,0,0
736,18,125,2019,12383,232,0,0,0,0
737,18,127,2018,169647,324,37,0,4,0
738,18,127,2019,170599,323,37,0,5,0
739,18,127,2020,170980,315,43,0,8,0
740,18,129,2018,25529,334,28,0,0,0
741,18,129,2019,25408,348,16,0,0,0
742,18,129,2020,25275,343,15,0,1,0
743,18,141,2018,270961,311,51,0,3,0
744,18,141,2019,271695,313,52,0,0,0
745,18,141,2020,271484,325,39,0,2,0
746,18,145,2018,44535,334,27,0,1,0
747,18,145,2019,44771,342,23,0,0,0
748,18,145,2020,44871,350,15,0,1,0
749,18,153,2018,20673,145,35,0,0,0
750,18,153,2019,20601,99,14,0,0,0
751,18,153,2020,20578,27,3,0,0,0
752,18,157,2018,193705,83,15,0,0,0
753,18,163,2018,181165,304,59,0,2,0
754,18,163,2019,181561,325,40,0,0,0
755,18,163,2020,182447,325,41,0,0,0
756,18,167,2018,107438,314,48,0,3,0
757,18,167,2019,106958,312,53,0,0,0
758,18,167,2020,106608,346,20,0,0,0
759,18,169,2018,31210,327,33,0,4,0
760,18,169,2019,31028,326,30,0,0,0
761,18,169,2020,30784,342,24,0,0,0
762,18,173,2018,62443,330,33,0,2,0
763,18,173,2019,62851,341,24,0,0,0
764,18,173,2020,63269,349,16,0,1,0
765,18,183,2018,34036,97,13,0,0,0
766,18,183,2019,33868,95,17,0,0,0
767,18,183,2020,34378,105,11,0,0,0
768,19,13,2018,131769,100,20,0,0,0
769,19,13,2019,131089,105,13,0,0,0
770,19,13,2020,130786,107,14,0,0,0
771,19,17,2018,25022,225,20,0,1,0
772,19,17,2019,25170,233,12,0,0,0
773,19,17,2020,25311,236,10,0,0,0
774,19,45,2018,46506,315,49,0,0,0
775,19,45,2019,46559,331,33,0,0,0
776,19,45,2020,46392,330,36,0,0,0
777,19,85,2018,14086,219,27,0,0,0
778,19,85,2019,14034,226,17,0,0,0
779,19,85,2020,13928,231,15,0,0,0
780,19,103,2018,151003,304,50,0,0,0
781,19,103,2019,152480,299,47,0,0,0
782,19,103,2020,153740,293,40,0,0,0
783,19,111,2018,33929,99,20,0,0,0
784,19,111,2019,33641,101,18,0,0,0
785,19,111,2020,33480,105,13,0,0,0
786,19,113,2018,226060,280,83,0,2,0
787,19,113,2019,227241,301,64,0,0,0
788,19,113,2020,227854,302,64,0,0,0
789,19,137,2018,9976,222,24,0,0,0
790,19,137,2019,9917,237,9,0,0,0
791,19,137,2020,9935,240,6,0,0,0
792,19,139,2018,42784,300,65,0,0,0
793,19,139,2019,42571,307,58,0,0,0
794,19,139,2020,42394,314,51,0,1,0
795,19,147,2018,8910,221,24,0,1,0
796,19,147,2019,8873,235,11,0,0,0
797,19,147,2020,8845,232,14,0,0,0
798,19,153,2018,486222,300,64,0,1,0
799,19,153,2019,491031,314,51,0,0,0
800,19,153,2020,494281,316,45,1,1,0
801,19,155,2018,93445,96,21,0,0,0
802,19,155,2019,93405,98,18,0,0,0
803,19,155,2020,93328,108,14,0,0,0
804,19,163,2018,173019,272,93,0,0,0
805,19,163,2019,173400,288,76,0,1,0
806,19,163,2020,173216,303,62,0,1,0
807,19,177,2018,7008,214,26,0,0,0
808,19,177,2019,7044,235,10,0,0,0
809,19,177,2020,7069,233,7,0,0,0
810,19,193,2018,102415,108,14,0,0,0
811,19,193,2019,103132,105,13,0,0,0
812,19,193,2020,103138,110,9,0,0,0
813,20,91,2018,599045,321,42,0,0,0
814,20,91,2019,602948,345,19,0,0,0
815,20,91,2020,607220,361,4,0,0,0
816,20,103,2018,81659,332,31,0,0,0
817,20,103,2019,81911,353,12,0,0,0
818,20,103,2020,82246,357,9,0,0,0
819,20,133,2018,15984,327,32,0,0,0
820,20,133,2019,15899,342,10,0,1,0
821,20,133,2020,15929,360,6,0,0,0
822,20,173,2018,513877,309,56,0,0,0
823,20,173,2019,516579,335,30,0,0,0
824,20,173,2020,519907,348,18,0,0,0
825,20,177,2018,177224,335,23,0,0,0
826,20,177,2019,176735,345,10,0,0,0
827,20,177,2020,175999,359,6,1,0,0
828,20,191,2018,22982,323,42,0,0,0
829,20,191,2019,22810,337,27,0,0,0
830,20,191,2020,22578,356,10,0,0,0
831,20,195,2018,2782,327,37,0,0,0
832,20,195,2019,2779,345,7,0,0,0
833,20,195,2020,2758,346,15,0,0,0
834,20,209,2018,165781,310,51,1,1,0
835,20,209,2019,166009,335,28,0,0,0
836,20,209,2020,165265,335,27,0,2,0
837,21,13,2018,26534,236,21,0,0,0
838,21,13,2019,26026,248,17,0,0,0
839,21,13,2020,25482,260,5,0,0,0
840,21,15,2018,131971,224,21,0,1,0
841,21,15,2019,133670,229,13,0,0,0
842,21,15,2020,135396,221,22,0,0,0
843,21,19,2018,47406,328,35,0,1,0
844,21,19,2019,46839,347,18,0,0,0
845,21,19,2020,46516,359,7,0,0,0
846,21,29,2018,81040,206,30,0,2,0
847,21,29,2019,81803,223,23,0,0,0
848,21,29,2020,82182,227,15,0,1,0
849,21,37,2018,93990,316,37,0,0,0
850,21,37,2019,93841,335,27,0,0,0
851,21,37,2020,94020,339,23,0,0,0
852,21,43,2018,27042,228,13,0,0,0
853,21,43,2019,26766,244,2,0,0,0
854,21,43,2020,26542,245,0,0,0,0
855,21,47,2018,71036,245,35,0,0,0
856,21,47,2019,71577,257,21,0,0,0
857,21,47,2020,71478,249,13,0,0,0
858,21,59,2018,100885,317,37,0,1,0
859,21,59,2019,101555,328,37,0,0,0
860,21,59,2020,101978,352,14,0,0,0
861,21,61,2018,12247,347,18,0,0,0
862,21,61,2019,12149,337,28,0,0,0
863,21,61,2020,12235,361,5,0,0,0
864,21,67,2018,322597,331,34,0,0,0
865,21,67,2019,323922,344,21,0,0,0
866,21,67,2020,324735,353,13,0,0,0
867,21,89,2018,35371,347,16,0,1,0
868,21,89,2019,35164,361,3,0,0,0
869,21,89,2020,34865,365,1,0,0,0
870,21,91,2018,8751,116,9,0,0,0
871,21,91,2019,8716,220,26,0,0,0
872,21,91,2020,8742,235,10,0,0,0
873,21,93,2018,110435,227,46,0,0,0
874,21,93,2019,110970,254,27,0,0,0
875,21,93,2020,111309,265,15,0,0,0
876,21,101,2018,45566,285,70,0,10,0
877,21,101,2019,45276,328,28,0,8,0
878,21,101,2020,44740,336,28,0,1,0
879,21,111,2018,768706,287,74,0,4,0
880,21,111,2019,767785,295,68,0,2,0
881,21,111,2020,767452,317,47,0,2,0
882,21,113,2018,53777,337,26,0,0,0
883,21,113,2019,54012,349,16,0,0,0
884,21,113,2020,54057,355,11,0,0,0
885,21,139,2018,9222,219,27,0,0,0
886,21,139,2019,9148,226,19,0,0,0
887,21,139,2020,9041,231,12,0,0,0
888,21,145,2018,65391,328,33,0,0,0
889,21,145,2019,65622,334,28,0,0,0
890,21,145,2020,65644,354,12,0,0,0
891,21,175,2018,13363,342,23,0,0,0
892,21,175,2019,13297,346,12,0,0,0
893,21,175,2020,13142,363,2,0,0,0
894,21,185,2018,66632,220,25,0,0,0
895,21,185,2019,66818,213,32,0,0,0
896,21,185,2020,66999,223,18,0,0,0
897,21,193,2018,26246,231,15,0,0,0
898,21,193,2019,25801,231,14,0,0,0
899,21,193,2020,25456,233,2,0,0,0
900,21,195,2018,58567,227,14,0,0,0
901,21,195,2019,57919,235,7,0,0,0
902,21,195,2020,57057,241,1,0,0,0
903,21,199,2018,64735,248,32,0,0,0
904,21,199,2019,65243,270,12,0,0,0
905,21,199,2020,65530,269,14,0,0,0
906,21,213,2018,18386,223,23,0,0,0
907,21,213,2019,18530,231,15,0,0,0
908,21,213,2020,18635,220,3,0,0,0
909,21,221,2018,14666,332,21,0,0,0
910,21,221,2019,14666,337,21,0,0,0
911,21,221,2020,14776,354,11,0,0,0
912,21,227,2018,130926,254,32,0,0,0
913,21,227,2019,132759,253,16,0,0,0
914,21,227,2020,134510,261,19,0,0,0
915,21,229,2018,12011,336,27,0,0,0
916,21,229,2019,12098,341,24,0,0,0
917,21,229,2020,12147,354,12,0,0,0
918,22,5,2018,124961,331,33,0,1,0
919,22,5,2019,126798,328,37,0,0,0
920,22,5,2020,128665,355,11,0,0,0
921,22,15,2018,127153,334,31,0,0,0
922,22,15,2019,127377,350,12,0,0,0
923,22,15,2020,127275,360,5,0,0,0
924,22,17,2018,243105,299,64,0,2,0
925,22,17,2019,240431,312,51,0,0,0
926,22,17,2020,237479,324,27,0,1,0
927,22,19,2018,203507,320,45,0,0,0
928,22,19,2019,204038,329,36,0,0,0
929,22,19,2020,203310,325,27,0,0,0
930,22,33,2018,442720,269,88,0,8,0
931,22,33,2019,441471,270,94,0,0,1
932,22,33,2020,439729,317,46,0,3,0
933,22,47,2018,32719,306,55,0,4,0
934,22,47,2019,32549,313,49,0,3,0
935,22,47,2020,32070,324,40,0,2,0
936,22,51,2018,434637,325,40,0,0,0
937,22,51,2019,434096,321,44,0,0,0
938,22,51,2020,432346,338,28,0,0,0
939,22,55,2018,243493,324,41,0,0,0
940,22,55,2019,244798,330,34,0,0,0
941,22,55,2020,246518,332,32,0,0,0
942,22,57,2018,97910,337,26,0,0,0
943,22,57,2019,97618,334,22,0,1,0
944,22,57,2020,97596,348,10,0,1,0
945,22,63,2018,139594,338,27,0,0,0
946,22,63,2019,141561,341,24,0,0,0
947,22,63,2020,143737,353,11,0,0,0
948,22,71,2018,391506,348,16,0,0,0
949,22,71,2019,391172,343,15,0,0,0
950,22,71,2020,389476,349,15,0,0,0
951,22,73,2018,154694,342,20,0,0,0
952,22,73,2019,153401,343,21,0,0,0
953,22,73,2020,152439,345,16,0,1,0
954,22,77,2018,21856,327,29,0,0,0
955,22,77,2019,21735,326,24,0,1,0
956,22,77,2020,21529,348,18,0,0,0
957,22,79,2018,130404,102,17,0,0,0
958,22,79,2019,129800,107,12,0,0,0
959,22,79,2020,128567,111,8,0,0,0
960,22,87,2018,46724,315,48,0,2,0
961,22,87,2019,47192,331,34,0,0,0
962,22,87,2020,47647,339,20,0,0,0
963,22,89,2018,52774,352,12,0,1,0
964,22,89,2019,53083,352,12,0,0,0
965,22,89,2020,52987,349,17,0,0,0
966,22,93,2018,21131,354,11,0,0,0
967,22,93,2019,21045,352,13,0,0,0
968,22,93,2020,20727,360,6,0,0,0
969,22,95,2018,43140,340,20,0,0,0
970,22,95,2019,42824,342,23,0,0,0
971,22,95,2020,42516,346,9,0,0,0
972,22,99,2018,53629,328,28,0,0,0
973,22,99,2019,53497,337,22,0,0,0
974,22,99,2020,52954,351,12,0,0,0
975,22,103,2018,258598,343,22,0,0,0
976,22,103,2019,261303,333,16,0,0,0
977,22,103,2020,263446,354,10,0,0,0
978,22,105,2018,133951,110,14,0,0,0
979,22,105,2019,134845,104,13,0,0,0
980,22,105,2020,136765,110,11,0,0,0
981,22,109,2018,111265,108,9,0,0,0
982,22,109,2019,110615,108,11,0,0,0
983,22,109,2020,109859,110,10,0,0,0
984,22,121,2018,26451,276,87,0,2,0
985,22,121,2019,26550,293,72,0,0,0
986,22,121,2020,26792,299,67,0,0,0
987,23,1,2018,107987,233,8,0,0,0
988,23,1,2019,108361,236,4,0,0,0
989,23,1,2020,108547,224,1,0,0,0
990,23,3,2018,67302,362,3,0,0,0
991,23,3,2019,67092,365,0,0,0,0
992,23,3,2020,66804,366,0,0,0,0
993,23,5,2018,294363,347,18,0,0,0
994,23,5,2019,296052,350,15,0,0,0
995,23,5,2020,298111,353,13,0,0,0
996,23,9,2018,54849,349,15,0,1,0
997,23,9,2019,55098,351,14,0,0,0
998,23,9,2020,55088,347,19,0,0,0
999,23,11,2018,122086,348,12,0,0,0
1000,23,11,2019,122241,361,4,0,0,0
1001,23,11,2020,122955,231,3,0,0,0
1002,23,13,2018,39760,210,9,0,1,0
1003,23,13,2019,39792,207,7,0,0,0
1004,23,13,2020,39951,143,6,0,0,0
1005,23,17,2018,57777,210,7,0,0,0
1006,23,17,2019,57895,200,0,0,0,0
1007,23,17,2020,58132,260,0,0,0,0
1008,23,19,2018,151798,237,6,0,0,0
1009,23,19,2019,151823,238,3,0,0,0
1010,23,19,2020,151655,218,4,0,0,0
1011,23,29,2018,31152,320,7,0,1,0
1012,23,29,2019,31286,362,2,0,0,0
1013,23,29,2020,31473,349,2,0,0,0
1014,23,31,2018,206041,212,15,0,1,0
1015,23,31,2019,207978,218,12,0,1,0
1016,23,31,2020,209066,224,12,0,0,0
1017,24,1,2018,70977,291,50,3,21,0
1018,24,1,2019,70527,334,20,0,11,0
1019,24,1,2020,70057,159,0,0,0,0
1020,24,3,2018,575641,179,60,0,5,0
1021,24,3,2019,579895,171,68,0,7,0
1022,24,3,2020,582777,222,21,0,0,0
1023,24,5,2018,828547,310,53,0,2,0
1024,24,5,2019,828503,293,65,0,7,0
1025,24,5,2020,826017,338,27,0,0,0
1026,24,9,2018,92131,213,31,0,1,0
1027,24,9,2019,92660,225,13,0,0,0
1028,24,9,2020,93072,238,3,0,0,0
1029,24,13,2018,168421,211,33,0,0,0
1030,24,13,2019,168774,216,29,0,0,0
1031,24,13,2020,169092,228,15,0,0,0
1032,24,15,2018,102816,203,40,0,3,0
1033,24,15,2019,103092,206,38,0,1,0
1034,24,15,2020,103419,228,14,0,0,0
1035,24,17,2018,161879,214,28,0,1,0
1036,24,17,2019,163733,208,15,0,0,0
1037,24,17,2020,164436,241,1,0,0,0
1038,24,19,2018,31894,325,39,0,1,0
1039,24,19,2019,31864,323,41,0,1,0
1040,24,19,2020,31853,356,10,0,0,0
1041,24,21,2018,255698,208,38,0,0,0
1042,24,21,2019,260609,212,32,0,1,0
1043,24,21,2020,265161,227,16,0,0,0
1044,24,23,2018,29202,319,27,0,0,0
1045,24,23,2019,29049,298,15,0,0,0
1046,24,23,2020,28852,360,4,0,0,0
1047,24,25,2018,253884,198,42,0,6,0
1048,24,25,2019,255594,185,52,0,9,0
1049,24,25,2020,256805,215,27,0,1,0
1050,24,27,2018,322895,365,0,0,0,0
1051,24,27,2019,325951,365,0,0,0,0
1052,24,27,2020,328200,364,0,0,0,0
1053,24,29,2018,19467,204,41,0,1,0
1054,24,29,2019,19426,206,40,0,0,0
1055,24,29,2020,19192,232,11,0,0,0
1056,24,31,2018,1048794,212,32,0,1,0
1057,24,31,2019,1051129,224,21,0,0,0
1058,24,31,2020,1051816,237,6,0,0,0
1059,24,33,2018,911372,296,65,0,4,0
1060,24,33,2019,911562,296,64,0,5,0
1061,24,33,2020,909612,344,22,0,0,0
1062,24,43,2018,150699,215,27,0,0,0
1063,24,43,2019,151066,233,12,0,0,0
1064,24,43,2020,151146,230,12,0,0,0
1065,24,510,2018,603241,276,68,0,4,0
1066,24,510,2019,594601,291,54,0,5,0
1067,24,510,2020,586131,340,21,0,0,0
1068,25,1,2018,213779,342,18,0,2,0
1069,25,1,2019,212923,352,8,0,0,0
1070,25,1,2020,213164,343,8,0,0,0
1071,25,3,2018,126146,215,7,0,1,0
1072,25,3,2019,125217,359,6,0,0,0
1073,25,3,2020,124571,359,3,0,0,0
1074,25,5,2018,564780,331,26,0,8,0
1075,25,5,2019,565096,345,20,0,0,0
1076,25,5,2020,566765,349,16,0,1,0
1077,25,7,2018,17459,341,23,0,0,0
1078,25,7,2019,17461,332,14,0,3,0
1079,25,7,2020,17461,349,5,0,1,0
1080,25,9,2018,788823,341,22,0,2,0
1081,25,9,2019,789725,348,16,0,1,0
1082,25,9,2020,791263,353,13,0,0,0
1083,25,11,2018,70722,349,15,0,0,0
1084,25,11,2019,70276,353,7,0,0,0
1085,25,11,2020,70267,351,10,0,0,0
1086,25,13,2018,468075,333,30,0,2,0
1087,25,13,2019,465749,350,14,0,0,0
1088,25,13,2020,463986,353,13,0,0,0
1089,25,15,2018,161126,340,23,0,1,0
1090,25,15,2019,161596,357,8,0,0,0
1091,25,15,2020,161401,361,5,0,0,0
1092,25,17,2018,1608509,347,18,0,0,0
1093,25,17,2019,1611263,359,6,0,0,0
1094,25,17,2020,1609379,359,7,0,0,0
1095,25,21,2018,703628,347,13,0,0,0
1096,25,21,2019,707164,358,7,0,0,0
1097,25,21,2020,709409,364,2,0,0,0
1098,25,23,2018,518888,347,16,0,2,0
1099,25,23,2019,521841,355,9,0,0,0
1100,25,23,2020,523738,353,11,0,0,0
1101,25,25,2018,804023,346,19,0,0,0
1102,25,25,2019,805915,352,13,0,0,0
1103,25,25,2020,801582,357,9,0,0,0
1104,25,27,2018,828644,339,23,0,3,0
1105,25,27,2019,829327,354,11,0,0,0
1106,25,27,2020,829212,352,14,0,0,0
1107,26,5,2018,117137,234,46,0,5,0
1108,26,5,2019,118045,232,42,0,1,0
1109,26,5,2020,118927,238,27,0,4,0
1110,26,17,2018,103674,104,15,0,0,0
1111,26,17,2019,102964,103,16,0,0,0
1112,26,19,2018,17748,226,26,0,2,0
1113,26,19,2019,17767,239,10,0,0,0
1114,26,19,2020,17852,247,15,0,2,0
1115,26,21,2018,153892,215,28,0,3,0
1116,26,21,2019,153352,235,24,0,1,0
1117,26,21,2020,153025,221,34,0,4,0
1118,26,27,2018,51773,209,28,0,5,0
1119,26,27,2019,51847,232,23,0,0,0
1120,26,27,2020,51584,225,29,0,4,0
1121,26,33,2018,37423,205,3,0,0,0
1122,26,37,2018,79229,216,27,0,3,0
1123,26,37,2019,79615,248,2,0,0,0
1124,26,37,2020,79753,246,12,0,0,0
1125,26,49,2018,406626,241,47,0,2,0
1126,26,49,2019,405702,261,28,0,0,0
1127,26,49,2020,404794,259,23,0,1,0
1128,26,63,2018,31193,217,23,0,2,0
1129,26,63,2019,30904,253,6,0,0,0
1130,26,63,2020,30653,246,15,0,5,0
1131,26,65,2018,291267,310,28,0,2,0
1132,26,65,2019,291426,347,16,0,0,0
1133,26,65,2020,290609,341,24,0,0,0
1134,26,77,2018,265120,229,49,0,1,0
1135,26,77,2019,265531,251,31,0,0,0
1136,26,77,2020,265988,248,42,0,3,0
1137,26,81,2018,653636,318,45,0,2,0
1138,26,81,2019,656800,328,36,0,0,0
1139,26,81,2020,658708,313,46,0,6,0
1140,26,91,2018,98118,231,52,0,1,0
1141,26,91,2019,98519,227,18,0,0,0
1142,26,91,2020,97808,236,19,0,1,0
1143,26,99,2018,872089,246,46,0,7,0
1144,26,99,2019,872389,258,34,0,0,0
1145,26,99,2020,870791,262,30,0,7,0
1146,26,101,2018,24479,204,16,0,1,0
1147,26,101,2019,24619,228,15,0,0,0
1148,26,101,2020,24738,69,3,0,0,0
1149,26,105,2018,29121,233,20,0,1,0
1150,26,105,2019,29154,246,9,0,0,0
1151,26,105,2020,29164,234,19,0,2,0
1152,26,113,2018,15094,332,32,0,0,0
1153,26,113,2019,15079,354,10,0,0,0
1154,26,113,2020,15152,354,12,0,0,0
1155,26,115,2018,150218,365,0,0,0,0
1156,26,115,2019,150412,363,0,0,0,0
1157,26,115,2020,150568,366,0,0,0,0
1158,26,121,2018,173719,208,30,1,5,0
1159,26,121,2019,173645,237,24,0,1,0
1160,26,121,2020,173883,215,31,0,5,0
1161,26,125,2018,1257472,225,50,0,6,0
1162,26,125,2019,1257726,251,41,0,1,0
1163,26,125,2020,1253459,259,35,0,4,0
1164,26,139,2018,289578,313,49,0,3,0
1165,26,139,2019,291460,316,49,0,0,0
1166,26,139,2020,294635,318,44,0,4,0
1167,26,147,2018,159186,272,83,0,10,0
1168,26,147,2019,159339,253,101,0,11,0
1169,26,147,2020,159293,313,50,0,3,0
1170,26,153,2018,8007,241,17,0,0,0
1171,26,153,2019,8081,247,6,0,0,0
1172,26,153,2020,8104,260,9,0,2,0
1173,26,157,2018,52692,331,30,0,0,0
1174,26,157,2019,52355,350,9,0,0,0
1175,26,157,2020,52289,343,13,0,0,0
1176,26,161,2018,370548,306,56,0,3,0
1177,26,161,2019,368242,320,43,0,0,0
1178,26,161,2020,366473,335,29,0,2,0
1179,26,163,2018,1755868,234,126,0,5,0
1180,26,163,2019,1750093,244,118,0,3,0
1181,26,163,2020,1740623,299,63,0,4,0
1182,26,165,2018,33452,339,21,0,1,0
1183,26,165,2019,33654,335,15,0,0,0
1184,26,165,2020,33743,348,13,0,0,0
1185,27,3,2018,354004,327,36,0,1,0
1186,27,3,2019,357538,342,20,0,1,0
1187,27,3,2020,359921,356,10,0,0,0
1188,27,5,2018,34403,220,16,0,0,0
1189,27,5,2019,34461,195,8,0,0,0
1190,27,5,2020,34456,233,10,0,0,0
1191,27,17,2018,35816,168,5,0,0,0
1192,27,17,2019,35913,231,4,0,0,0
1193,27,17,2020,35769,191,2,0,0,0
1194,27,35,2018,64957,194,15,0,0,0
1195,27,35,2019,65191,184,7,0,0,0
1196,27,35,2020,65644,209,3,0,0,0
1197,27,37,2018,425472,347,18,0,0,0
1198,27,37,2019,429453,356,9,0,0,0
1199,27,37,2020,431807,364,2,0,0,0
1200,27,49,2018,46348,214,18,0,1,0
1201,27,49,2019,46391,207,10,0,0,0
1202,27,49,2020,46318,202,9,0,0,0
1203,27,53,2018,1258021,339,26,0,0,0
1204,27,53,2019,1265159,344,21,0,0,0
1205,27,53,2020,1268408,365,1,0,0,0
1206,27,75,2018,10609,229,7,0,0,0
1207,27,75,2019,10625,170,3,0,0,0
1208,27,75,2020,10639,241,2,0,0,0
1209,27,83,2018,25656,181,10,0,0,0
1210,27,83,2019,25579,216,9,0,0,0
1211,27,83,2020,25271,220,10,0,0,0
1212,27,95,2018,26062,121,8,0,0,0
1213,27,95,2019,26166,243,6,0,0,0
1214,27,95,2020,26146,242,5,0,0,0
1215,27,109,2018,156413,256,22,0,0,0
1216,27,109,2019,158188,248,11,0,0,0
1217,27,109,2020,159298,233,14,0,0,0
1218,27,123,2018,548900,336,24,0,0,0
1219,27,123,2019,549632,136,16,0,0,0
1220,27,137,2018,199850,343,22,0,0,0
1221,27,137,2019,199212,358,7,0,0,0
1222,27,137,2020,198538,364,2,0,0,0
1223,27,139,2018,147339,332,24,0,1,0
1224,27,139,2019,149004,340,8,0,0,0
1225,27,139,2020,150689,309,8,0,0,0
1226,27,145,2018,160034,209,19,0,0,0
1227,27,145,2019,161076,220,9,0,0,0
1228,27,145,2020,162038,239,8,0,0,0
1229,27,163,2018,258969,354,11,0,0,0
1230,27,163,2019,262541,357,6,1,1,0
1231,27,163,2020,265476,361,5,0,0,0
1232,27,171,2018,136471,225,23,0,2,0
1233,27,171,2019,138542,221,12,0,0,0
1234,27,171,2020,140249,216,12,0,1,0
1235,28,11,2018,31154,207,38,0,1,0
1236,28,11,2019,30714,220,25,0,0,0
1237,28,11,2020,30142,245,12,0,0,0
1238,28,33,2018,182406,249,33,0,2,0
1239,28,33,2019,185385,220,20,0,1,0
1240,28,33,2020,188275,240,15,0,0,0
1241,28,35,2018,74983,100,17,0,0,0
1242,28,35,2019,75035,45,9,0,0,0
1243,28,35,2020,75009,49,6,0,0,0
1244,28,43,2018,21016,97,7,0,0,0
1245,28,45,2018,47295,250,32,0,0,0
1246,28,45,2019,47673,226,19,0,0,0
1247,28,45,2020,48000,229,6,0,0,0
1248,28,47,2018,206351,239,42,0,2,0
1249,28,47,2019,207859,217,22,0,0,0
1250,28,47,2020,208801,226,11,0,0,0
1251,28,49,2018,235867,320,44,0,1,0
1252,28,49,2019,231919,334,31,0,0,0
1253,28,49,2020,227966,354,11,0,1,0
1254,28,59,2018,143137,322,42,0,0,0
1255,28,59,2019,143387,341,24,0,0,0
1256,28,59,2020,143802,345,13,0,0,0
1257,28,75,2018,75503,215,24,0,0,0
1258,28,75,2019,74619,235,11,0,0,0
1259,28,75,2020,73751,255,0,0,0,0
1260,28,81,2018,85396,230,15,0,0,0
1261,28,81,2019,85674,232,14,0,0,0
1262,28,81,2020,85466,244,1,0,0,0
1263,28,161,2018,12376,325,4,0,0,0
1264,28,161,2019,12104,344,11,0,0,0
1265,28,161,2020,11982,352,0,0,0,0
1266,29,3,2018,17661,193,52,0,1,0
1267,29,3,2019,17699,230,16,0,0,0
1268,29,3,2020,17586,232,14,0,0,0
1269,29,19,2018,179569,214,32,0,0,0
1270,29,19,2019,181084,241,5,0,0,0
1271,29,19,2020,182991,239,7,0,0,0
1272,29,27,2018,44987,215,31,0,0,0
1273,29,27,2019,44762,240,6,0,0,0
1274,29,27,2020,44887,236,10,0,0,0
1275,29,37,2018,104753,210,36,0,0,0
1276,29,37,2019,105731,234,12,0,0,0
1277,29,37,2020,106806,239,7,0,0,0
1278,29,39,2018,14126,218,28,0,0,0
1279,29,39,2019,14301,236,10,0,0,0
1280,29,39,2020,14322,241,5,0,0,0
1281,29,47,2018,246798,186,53,0,7,0
1282,29,47,2019,250522,207,39,0,0,0
1283,29,47,2020,253463,214,32,0,0,0
1284,29,49,2018,20435,200,44,0,2,0
1285,29,49,2019,20434,218,28,0,0,0
1286,29,49,2020,20553,228,18,0,0,0
1287,29,71,2018,103716,361,4,0,0,0
1288,29,71,2019,103860,362,3,0,0,0
1289,29,71,2020,104469,362,4,0,0,0
1290,29,77,2018,291430,213,33,0,0,0
1291,29,77,2019,293499,229,17,0,0,0
1292,29,77,2020,294997,241,5,0,0,0
1293,29,95,2018,701809,363,2,0,0,0
1294,29,95,2019,704350,363,2,0,0,0
1295,29,95,2020,705925,366,0,0,0,0
1296,29,97,2018,120349,209,37,0,0,0
1297,29,97,2019,121228,225,21,0,0,0
1298,29,97,2020,121648,241,5,0,0,0
1299,29,99,2018,224656,319,44,0,2,0
1300,29,99,2019,225402,330,35,0,0,0
1301,29,99,2020,226543,344,22,0,0,0
1302,29,113,2018,57604,212,32,0,2,0
1303,29,113,2019,59040,225,21,0,0,0
1304,29,113,2020,60119,229,17,0,0,0
1305,29,157,2018,19284,210,35,0,1,0
1306,29,157,2019,19164,228,18,0,0,0
1307,29,157,2020,19194,234,12,0,0,0
1308,29,183,2018,398656,311,49,0,4,0
1309,29,183,2019,401625,326,36,0,3,0
1310,29,183,2020,406204,338,27,0,1,0
1311,29,186,2018,17890,213,33,0,0,0
1312,29,186,2019,17957,234,12,0,0,0
1313,29,186,2020,17924,235,11,0,0,0
1314,29,189,2018,995900,298,64,0,3,0
1315,29,189,2019,995467,326,37,0,2,0
1316,29,189,2020,994020,322,40,0,4,0
1317,29,510,2018,303661,292,66,1,6,0
1318,29,510,2019,300887,315,49,0,1,0
1319,29,510,2020,297645,324,40,0,2,0
1320,30,27,2018,11088,350,14,0,1,0
1321,30,27,2019,11032,341,10,0,0,0
1322,30,27,2020,11104,355,8,0,0,0
1323,30,29,2018,102100,363,2,0,0,0
1324,30,29,2019,103880,364,1,0,0,0
1325,30,29,2020,105851,365,0,0,0,0
1326,30,31,2018,111878,359,0,0,0,0
1327,30,31,2019,114472,355,0,0,0,0
1328,30,31,2020,116806,365,1,0,0,0
1329,30,49,2018,68775,335,26,0,3,0
1330,30,49,2019,69578,342,23,0,0,0
1331,30,49,2020,70229,352,12,0,2,0
1332,30,63,2018,118959,212,1,0,0,0
1333,30,63,2019,120066,48,0,0,0,0
1334,30,63,2020,121630,359,2,0,0,0
1335,30,71,2018,4047,350,11,0,0,0
1336,30,71,2019,3955,361,4,0,0,0
1337,30,71,2020,3919,366,0,0,0,0
1338,30,75,2018,1729,297,39,0,0,0
1339,30,75,2019,1688,355,7,0,0,0
1340,30,75,2020,1681,307,9,0,0,0
1341,30,83,2018,10955,326,39,0,0,0
1342,30,83,2019,10943,342,12,0,0,0
1343,30,83,2020,11043,362,3,0,0,0
1344,30,87,2018,9047,350,10,0,0,0
1345,30,87,2019,8955,350,5,0,0,0
1346,30,87,2020,8836,336,5,0,0,0
1347,30,93,2018,34768,45,10,0,0,0
1348,30,93,2019,34901,47,10,0,0,0
1349,30,93,2020,35180,50,5,0,1,0
1350,30,111,2018,160118,337,0,0,0,0
1351,30,111,2019,161349,364,0,0,0,0
1352,30,111,2020,162990,361,0,0,0,0
1353,31,55,2018,566523,307,58,0,0,0
1354,31,55,2019,570860,335,30,0,0,0
1355,31,55,2020,574332,341,24,0,1,0
1356,31,79,2018,61510,104,6,0,0,0
1357,31,79,2019,61454,92,5,0,0,0
1358,31,79,2020,61028,11,0,0,0,0
1359,31,107,2018,8410,335,27,0,0,0
1360,31,107,2019,8337,348,9,0,0,0
1361,31,107,2020,8304,345,21,0,0,0
1362,31,109,2018,316372,333,32,0,0,0
1363,31,109,2019,318403,343,18,0,0,0
1364,31,109,2020,320650,355,11,0,0,0
1365,31,157,2018,35923,108,8,0,0,0
1366,31,157,2019,35582,110,2,0,0,0
1367,31,157,2020,35299,25,0,0,0,0
1368,31,177,2018,20599,103,13,0,0,0
1369,31,177,2019,20683,107,8,0,0,0
1370,31,177,2020,20901,104,6,0,0,0
1371,32,1,2018,24574,271,66,0,4,0
1372,32,1,2019,25048,335,25,0,0,0
1373,32,1,2020,25363,340,23,0,1,0
1374,32,3,2018,2228970,178,155,0,32,0
1375,32,3,2019,2275884,217,147,0,1,0
1376,32,3,2020,2315963,190,165,0,11,0
1377,32,7,2018,52470,88,61,0,1,0
1378,32,19,2018,55800,315,48,0,2,0
1379,32,19,2019,57499,355,8,0,0,0
1380,32,19,2020,58319,334,16,0,1,0
1381,32,31,2018,464593,266,88,0,11,0
1382,32,31,2019,472381,298,67,0,0,0
1383,32,31,2020,477082,286,69,1,10,0
1384,32,33,2018,9532,278,84,0,0,0
1385,32,33,2019,9478,311,54,0,0,0
1386,32,33,2020,9466,312,49,0,2,0
1387,32,510,2018,55287,289,72,0,3,0
1388,32,510,2019,55894,296,45,0,0,0
1389,32,510,2020,56034,286,37,0,8,0
1390,33,1,2018,61242,230,5,0,0,0
1391,33,1,2019,61398,225,0,0,0,0
1392,33,1,2020,61551,213,2,0,0,0
1393,33,5,2018,75925,349,8,0,0,0
1394,33,5,2019,75880,360,4,0,0,0
1395,33,5,2020,76228,361,4,0,0,0
1396,33,7,2018,31490,194,34,0,1,0
1397,33,7,2019,31421,304,3,0,0,0
1398,33,7,2020,31174,350,16,0,0,0
1399,33,9,2018,90206,359,6,0,0,0
1400,33,9,2019,90369,365,0,0,0,0
1401,33,9,2020,90691,365,1,0,0,0
1402,33,11,2018,414917,344,20,0,0,0
1403,33,11,2019,417738,359,6,0,0,0
1404,33,11,2020,418735,362,4,0,0,0
1405,33,13,2018,150981,358,7,0,0,0
1406,33,13,2019,151606,361,4,0,0,0
1407,33,13,2020,152622,363,3,0,0,0
1408,33,15,2018,308377,340,24,0,1,0
1409,33,15,2019,309647,354,10,0,1,0
1410,33,15,2020,311307,350,16,0,0,0
1411,34,1,2018,263994,344,20,0,1,0
1412,34,1,2019,263653,346,19,0,0,0
1413,34,1,2020,262945,356,9,0,0,0
1414,34,3,2018,932897,285,67,0,13,0
1415,34,3,2019,932256,304,58,0,2,0
1416,34,3,2020,930394,340,23,0,2,0
1417,34,7,2018,506685,307,54,0,4,0
1418,34,7,2019,506503,295,68,0,2,0
1419,34,7,2020,506809,342,24,0,0,0
1420,34,11,2018,150274,349,16,0,0,0
1421,34,11,2019,148995,334,28,0,0,0
1422,34,11,2020,147008,358,8,0,0,0
1423,34,13,2018,800530,314,46,1,2,0
1424,34,13,2019,802162,300,61,0,0,0
1425,34,13,2020,800501,331,34,0,0,0
1426,34,15,2018,291754,231,41,0,5,0
1427,34,15,2019,291842,249,33,0,1,0
1428,34,15,2020,293245,238,22,0,0,0
1429,34,17,2018,672390,274,86,1,4,0
1430,34,17,2019,674030,296,69,0,0,0
1431,34,17,2020,671666,319,47,0,0,0
1432,34,19,2018,125265,308,39,1,1,0
1433,34,19,2019,125201,332,27,0,0,0
1434,34,19,2020,124797,353,11,0,0,0
1435,34,21,2018,368720,300,60,1,4,0
1436,34,21,2019,368047,298,66,0,1,0
1437,34,21,2020,367239,337,28,0,1,0
1438,34,23,2018,825677,314,46,0,5,0
1439,34,23,2019,824394,314,46,0,2,0
1440,34,23,2020,822736,345,20,0,1,0
1441,34,25,2018,620859,223,23,0,0,0
1442,34,25,2019,619687,226,18,0,0,0
1443,34,25,2020,618381,215,13,0,0,0
1444,34,27,2018,493084,326,36,0,3,0
1445,34,27,2019,491577,338,27,0,0,0
1446,34,27,2020,491087,351,15,0,0,0
1447,34,29,2018,601649,303,41,0,4,0
1448,34,29,2019,607498,298,49,0,2,0
1449,34,29,2020,614237,325,20,0,0,0
1450,34,31,2018,503192,238,40,0,2,0
1451,34,31,2019,501838,249,28,0,1,0
1452,34,31,2020,500382,251,14,0,0,0
1453,34,39,2018,556475,287,78,0,0,0
1454,34,39,2019,556664,292,73,0,0,0
1455,34,39,2020,555394,319,47,0,0,0
1456,34,41,2018,105709,326,32,0,1,0
1457,34,41,2019,105455,344,20,0,0,0
1458,34,41,2020,105624,360,6,0,0,0
1459,35,1,2018,677929,219,140,0,6,0
1460,35,1,2019,679425,230,135,0,0,0
1461,35,1,2020,681666,242,122,0,2,0
1462,35,13,2018,217470,199,153,0,13,0
1463,35,13,2019,218864,229,129,0,7,0
1464,35,13,2020,221262,232,124,0,10,0
1465,35,15,2018,57718,226,129,3,7,0
1466,35,15,2019,58394,226,127,1,11,0
1467,35,15,2020,58418,269,91,0,4,0
1468,35,25,2018,69538,263,96,0,6,0
1469,35,25,2019,71123,278,85,0,2,0
1470,35,25,2020,71830,349,17,0,0,0
1471,35,39,2018,38979,261,101,0,3,0
1472,35,39,2019,38883,323,36,0,0,0
1473,35,39,2020,38521,329,36,0,0,0
1474,35,43,2018,145407,249,111,0,2,0
1475,35,43,2019,147045,292,73,0,0,0
1476,35,43,2020,148904,291,69,0,4,0
1477,35,45,2018,125652,239,122,0,4,0
1478,35,45,2019,124027,225,140,0,0,0
1479,35,45,2020,123312,289,77,0,0,0
1480,35,49,2018,150128,286,77,0,2,0
1481,35,49,2019,150951,283,77,0,0,0
1482,35,49,2020,151946,308,57,0,0,0
1483,35,61,2018,76452,251,112,0,0,0
1484,35,61,2019,76953,288,75,0,0,0
1485,35,61,2020,77574,303,61,0,0,0
1486,36,1,2018,306691,336,28,0,1,0
1487,36,1,2019,304752,354,11,0,0,0
1488,36,1,2020,303654,358,8,0,0,0
1489,36,5,2018,1432316,305,55,0,5,0
1490,36,5,2019,1418187,311,53,0,1,0
1491,36,5,2020,1401142,325,40,0,0,0
1492,36,13,2018,127516,316,46,0,1,0
1493,36,13,2019,126636,339,25,0,0,0
1494,36,13,2020,126032,341,23,0,0,0
1495,36,27,2018,293814,347,17,0,1,0
1496,36,27,2019,293934,355,10,0,0,0
1497,36,27,2020,293293,359,7,0,0,0
1498,36,29,2018,919941,319,45,0,1,0
1499,36,29,2019,918813,331,34,0,0,0
1500,36,29,2020,917241,339,26,0,1,0
1501,36,31,2018,37309,332,33,0,0,0
1502,36,31,2019,36987,348,16,0,0,0
1503,36,31,2020,36891,354,10,0,0,0
1504,36,33,2018,50325,346,0,0,0,0
1505,36,33,2019,50102,362,0,0,0,0
1506,36,41,2018,4453,353,9,0,0,0
1507,36,41,2019,4438,331,1,0,0,0
1508,36,41,2020,4345,363,2,0,0,0
1509,36,43,2018,61760,245,8,0,0,0
1510,36,43,2019,61356,226,0,0,0,0
1511,36,47,2018,2580088,102,18,0,0,0
1512,36,47,2019,2562329,102,16,0,0,0
1513,36,47,2020,2538934,62,8,0,0,0
1514,36,55,2018,744239,329,36,0,0,0
1515,36,55,2019,742605,340,25,0,0,0
1516,36,55,2020,740900,345,21,0,0,0
1517,36,59,2018,1357423,365,0,0,0,0
1518,36,59,2019,1356073,365,0,0,0,0
1519,36,59,2020,1351334,366,0,0,0,0
1520,36,61,2018,1632393,305,52,0,8,0
1521,36,61,2019,1632326,324,40,0,1,0
1522,36,61,2020,1611989,336,30,0,0,0
1523,36,63,2018,210300,309,21,0,0,0
1524,36,63,2019,209563,352,10,0,0,0
1525,36,63,2020,208396,348,18,0,0,0
1526,36,67,2018,461890,327,32,0,1,0
1527,36,67,2019,460870,350,14,0,0,0
1528,36,67,2020,459214,356,9,0,0,0
1529,36,71,2018,382411,345,18,0,1,0
1530,36,71,2019,384950,332,12,0,0,0
1531,36,71,2020,385234,332,11,0,0,0
1532,36,75,2018,117520,336,21,0,1,0
1533,36,75,2019,116934,321,4,0,0,0
1534,36,75,2020,116346,360,5,0,0,0
1535,36,79,2018,98871,339,17,0,2,0
1536,36,79,2019,98511,353,12,0,0,0
1537,36,79,2020,98532,356,5,0,0,0
1538,36,81,2018,2275286,295,67,0,3,0
1539,36,81,2019,2253942,309,55,0,1,0
1540,36,81,2020,2225821,317,48,0,1,0
1541,36,85,2018,476531,197,37,0,5,0
1542,36,85,2019,476141,260,34,0,0,0
1543,36,85,2020,475327,266,23,0,0,0
1544,36,87,2018,325656,335,29,1,0,0
1545,36,87,2019,326352,316,17,0,1,0
1546,36,87,2020,326225,353,13,0,0,0
1547,36,89,2018,108534,284,70,0,7,0
1548,36,89,2019,107766,279,80,0,6,0
1549,36,89,2020,107185,299,59,0,8,0
1550,36,91,2018,230127,348,15,0,1,0
1551,36,91,2019,229635,329,3,0,0,0
1552,36,91,2020,230298,319,3,0,0,0
1553,36,99,2018,34277,365,0,0,0,0
1554,36,99,2019,34189,365,0,0,0,0
1555,36,101,2018,95876,342,20,0,0,0
1556,36,101,2019,95328,363,2,0,0,0
1557,36,101,2020,94657,364,2,0,0,0
1558,36,103,2018,1482275,316,41,1,7,0
1559,36,103,2019,1478325,319,41,0,5,0
1560,36,103,2020,1474273,325,38,0,3,0
1561,36,109,2018,102382,334,31,0,0,0
1562,36,109,2019,101971,361,4,0,0,0
1563,36,109,2020,101058,363,3,0,0,0
1564,36,117,2018,90110,219,25,0,1,0
1565,36,117,2019,89816,264,12,0,0,0
1566,36,117,2020,89339,318,17,0,0,0
1567,36,119,2018,968928,321,35,1,5,0
1568,36,119,2019,968467,304,28,0,0,0
1569,36,119,2020,965802,312,22,0,0,0
1570,37,3,2018,37272,206,30,0,0,0
1571,37,3,2019,37417,217,29,0,0,0
1572,37,3,2020,37441,245,1,0,0,0
1573,37,11,2018,17509,331,23,0,0,0
1574,37,11,2019,17496,346,19,0,0,0
1575,37,11,2020,17571,356,10,0,0,0
1576,37,13,2018,47127,301,0,0,0,0
1577,37,13,2019,47096,359,0,0,0,0
1578,37,13,2020,47073,357,0,0,0,0
1579,37,19,2018,137071,312,21,0,1,0
1580,37,19,2019,142987,330,26,0,1,0
1581,37,19,2020,149039,339,14,0,0,0
1582,37,21,2018,259726,325,21,0,0,0
1583,37,21,2019,262049,347,17,0,0,0
1584,37,21,2020,263477,310,2,0,0,0
1585,37,27,2018,82116,217,29,0,0,0
1586,37,27,2019,82275,281,25,0,0,0
1587,37,27,2020,82100,304,0,0,0,0
1588,37,31,2018,69547,209,16,0,0,0
1589,37,31,2019,69513,244,18,0,0,0
1590,37,31,2020,69558,364,2,0,0,0
1591,37,33,2018,22691,204,30,0,0,0
1592,37,33,2019,22590,241,5,0,0,0
1593,37,33,2020,22443,243,1,0,0,0
1594,37,35,2018,158521,56,3,0,0,0
1595,37,35,2019,159363,21,2,0,0,0
1596,37,51,2018,334495,267,34,0,0,0
1597,37,51,2019,336524,269,43,0,0,0
1598,37,51,2020,336364,242,3,0,0,0
1599,37,57,2018,166726,81,5,0,0,0
1600,37,57,2019,168238,48,5,0,0,0
1601,37,57,2020,169234,54,3,0,0,0
1602,37,63,2018,317478,324,31,0,0,0
1603,37,63,2019,322969,328,36,0,0,0
1604,37,63,2020,327306,360,5,0,0,0
1605,37,65,2018,52015,214,21,0,0,0
1606,37,65,2019,51429,227,17,0,0,0
1607,37,65,2020,50829,234,0,0,0,0
1608,37,67,2018,379196,301,64,0,0,0
1609,37,67,2019,382118,309,56,0,0,0
1610,37,67,2020,383843,341,25,0,0,0
1611,37,75,2018,8490,191,29,0,0,0
1612,37,75,2019,8470,208,39,0,0,0
1613,37,75,2020,8474,235,9,0,0,0
1614,37,77,2018,60100,205,33,0,0,0
1615,37,77,2019,60358,199,41,0,0,0
1616,37,77,2020,60486,239,0,0,0,0
1617,37,81,2018,533244,183,50,0,0,0
1618,37,81,2019,537872,191,50,0,0,0
1619,37,81,2020,540521,239,7,0,0,0
1620,37,87,2018,62170,263,73,5,22,0
1621,37,87,2019,62510,317,47,0,1,0
1622,37,87,2020,62972,345,21,0,0,0
1623,37,99,2018,43540,207,35,0,0,0
1624,37,99,2019,43736,100,3,0,0,0
1625,37,99,2020,44033,109,4,0,0,0
1626,37,101,2018,203031,208,28,0,0,0
1627,37,101,2019,209786,221,24,0,0,0
1628,37,101,2020,216246,234,2,0,0,0
1629,37,105,2018,61219,190,22,0,0,0
1630,37,107,2018,56050,207,20,0,0,0
1631,37,107,2019,56074,212,27,0,0,0
1632,37,107,2020,55720,237,4,0,0,0
1633,37,109,2018,84334,206,31,0,0,0
1634,37,109,2019,86627,190,55,0,0,0
1635,37,109,2020,88097,244,2,0,0,0
1636,37,113,2018,35226,345,14,0,0,0
1637,37,113,2019,35729,351,11,0,0,0
1638,37,113,2020,35994,364,1,0,0,0
1639,37,117,2018,22696,208,24,0,0,0
1640,37,117,2019,22451,211,28,0,0,0
1641,37,117,2020,22178,242,0,0,0,0
1642,37,119,2018,1095911,292,68,0,0,0
1643,37,119,2019,1113283,287,74,0,4,0
1644,37,119,2020,1128945,340,25,0,1,0
1645,37,123,2018,27104,331,15,0,0,0
1646,37,123,2019,27209,347,13,0,0,0
1647,37,123,2020,27238,363,0,0,0,0
1648,37,129,2018,232566,197,16,0,0,0
1649,37,129,2019,234275,216,19,0,0,0
1650,37,129,2020,236613,240,2,0,0,0
1651,37,131,2019,19498,145,0,0,0,0
1652,37,131,2020,19088,357,0,0,0,0
1653,37,145,2018,39533,332,28,0,0,0
1654,37,145,2019,39621,327,36,0,0,0
1655,37,145,2020,39925,361,5,0,0,0
1656,37,147,2018,179673,244,27,0,0,0
1657,37,147,2019,181257,234,24,0,0,0
1658,37,147,2020,182924,241,2,0,0,0
1659,37,157,2018,90680,257,36,0,0,0
1660,37,157,2019,91118,214,32,0,0,0
1661,37,157,2020,91285,306,1,0,0,0
1662,37,159,2018,140870,327,13,0,0,0
1663,37,159,2019,141818,311,51,0,0,0
1664,37,159,2020,142495,355,10,0,0,0
1665,37,173,2018,14259,231,16,0,0,0
1666,37,173,2019,14312,232,14,0,0,0
1667,37,173,2020,14179,246,2,0,0,0
1668,37,179,2018,236217,152,39,0,1,0
1669,37,179,2019,240028,181,55,0,0,0
1670,37,179,2020,244562,243,0,0,0,0
1671,37,183,2018,1092202,323,38,0,0,0
1672,37,183,2019,1112795,317,48,0,0,0
1673,37,183,2020,1132271,358,7,0,0,0
1674,37,199,2018,17893,204,35,0,0,0
1675,37,199,2019,18059,214,33,0,0,0
1676,37,199,2020,18099,224,23,0,0,0
1677,38,7,2018,923,329,26,0,0,0
1678,38,7,2019,937,357,8,0,0,0
1679,38,7,2020,890,365,1,0,0,0
1680,38,13,2018,2100,343,22,0,0,0
1681,38,13,2019,2131,335,5,0,0,0
1682,38,13,2020,2118,360,1,0,0,0
1683,38,15,2018,95530,347,17,0,1,0
1684,38,15,2019,95816,348,16,0,0,0
1685,38,15,2020,96212,363,3,0,0,0
1686,38,17,2018,180861,349,16,0,0,0
1687,38,17,2019,182238,350,14,0,0,0
1688,38,17,2020,183904,362,4,0,0,0
1689,38,25,2018,4302,321,20,0,0,0
1690,38,25,2019,4412,353,12,0,0,0
1691,38,25,2020,4465,365,1,0,0,0
1692,38,53,2018,13581,339,23,0,0,0
1693,38,53,2019,15038,352,9,0,0,0
1694,38,53,2020,15242,364,1,0,0,0
1695,38,57,2018,8291,342,23,0,0,0
1696,38,57,2019,8228,352,12,0,0,0
1697,38,57,2020,8174,360,2,0,0,0
1698,38,65,2018,1950,340,25,0,0,0
1699,38,65,2019,1951,349,16,0,0,0
1700,38,65,2020,1926,363,3,0,0,0
1701,38,101,2018,68504,358,7,0,0,0
1702,38,101,2019,68449,351,14,0,0,0
1703,38,101,2020,68466,366,0,0,0,0
1704,38,105,2018,35698,321,18,0,0,0
1705,38,105,2019,37897,351,8,0,0,0
1706,39,3,2018,102747,323,36,0,4,0
1707,39,3,2019,102450,329,36,0,0,0
1708,39,3,2020,101980,331,28,0,0,0
1709,39,7,2018,97536,331,32,0,2,0
1710,39,7,2019,97088,339,21,0,1,0
1711,39,7,2020,96513,351,14,0,0,0
1712,39,9,2018,65673,88,6,0,0,0
1713,39,9,2019,65582,116,4,0,0,0
1714,39,9,2020,65481,83,3,0,0,0
1715,39,13,2018,67492,351,13,0,0,0
1716,39,13,2019,66979,349,15,0,0,0
1717,39,13,2020,65932,360,6,0,0,0
1718,39,17,2018,382114,276,84,0,5,0
1719,39,17,2019,383603,234,109,0,22,0
1720,39,17,2020,385648,291,68,0,7,0
1721,39,23,2018,134697,317,46,0,2,0
1722,39,23,2019,134315,310,54,0,0,0
1723,39,23,2020,133593,287,32,0,0,0
1724,39,25,2018,205803,202,44,0,0,0
1725,39,25,2019,206851,198,46,0,1,0
1726,39,25,2020,207449,222,24,0,0,0
1727,39,27,2018,42119,207,38,0,1,0
1728,39,27,2019,42002,211,35,0,0,0
1729,39,27,2020,41921,209,23,0,0,0
1730,39,29,2018,102534,319,1,0,0,0
1731,39,29,2019,101794,356,0,0,0,0
1732,39,29,2020,101118,365,0,0,0,0
1733,39,35,2018,1241788,276,84,0,5,0
1734,39,35,2019,1235574,283,82,0,0,0
1735,39,35,2020,1227883,295,65,0,6,0
1736,39,41,2018,205347,219,27,0,0,0
1737,39,41,2019,209768,225,19,0,0,0
1738,39,41,2020,213554,230,16,0,0,0
1739,39,47,2018,28614,340,25,0,0,0
1740,39,47,2019,28486,343,19,0,0,0
1741,39,47,2020,28579,322,21,0,0,0
1742,39,49,2018,1308599,298,66,0,1,0
1743,39,49,2019,1318766,299,66,0,0,0
1744,39,49,2020,1324624,324,42,0,0,0
1745,39,53,2018,29956,353,11,0,1,0
1746,39,53,2019,29850,339,24,0,2,0
1747,39,53,2020,29802,342,22,0,2,0
1748,39,55,2018,93770,201,44,0,1,0
1749,39,55,2019,93494,200,32,0,1,0
1750,39,55,2020,93271,217,29,0,0,0
1751,39,57,2018,167643,243,41,0,1,0
1752,39,57,2019,169354,218,26,0,0,0
1753,39,57,2020,170122,223,23,0,0,0
1754,39,59,2020,38779,21,0,0,0,0
1755,39,61,2018,815853,281,78,0,6,0
1756,39,61,2019,818653,282,80,0,3,0
1757,39,61,2020,817985,310,52,0,4,0
1758,39,63,2020,75407,9,0,0,0,0
1759,39,67,2018,15151,124,0,0,0,0
1760,39,67,2019,15053,280,0,0,0,0
1761,39,67,2020,15014,293,0,0,0,0
1762,39,81,2018,65889,307,58,0,0,0
1763,39,81,2019,65494,331,34,0,0,0
1764,39,81,2020,64939,324,41,0,1,0
1765,39,83,2018,61921,212,33,0,1,0
1766,39,83,2019,62239,223,23,0,0,0
1767,39,83,2020,62423,230,16,0,0,0
1768,39,85,2018,229856,304,54,0,7,0
1769,39,85,2019,229739,326,37,0,2,0
1770,39,85,2020,229569,327,32,0,7,0
1771,39,87,2018,59864,334,30,0,1,0
1772,39,87,2019,59556,335,21,0,0,0
1773,39,87,2020,59091,348,17,0,0,0
1774,39,89,2018,175816,218,28,0,0,0
1775,39,89,2019,177174,227,19,0,0,0
1776,39,89,2020,178100,236,10,0,0,0
1777,39,93,2018,309222,245,41,0,0,0
1778,39,93,2019,310100,262,23,0,0,0
1779,39,93,2020,312172,254,16,0,1,0
1780,39,95,2018,429990,295,61,0,9,0
1781,39,95,2019,428888,312,52,0,1,0
1782,39,95,2020,428294,310,44,0,6,0
1783,39,97,2018,44393,214,32,0,0,0
1784,39,97,2019,44812,215,31,0,0,0
1785,39,97,2020,44559,225,21,0,0,0
1786,39,99,2018,228975,328,35,0,0,0
1787,39,99,2019,227510,326,35,0,0,0
1788,39,99,2020,226075,339,25,0,1,0
1789,39,103,2018,179205,242,37,0,0,0
1790,39,103,2019,180121,256,11,0,0,0
1791,39,103,2020,180912,227,21,0,0,0
1792,39,109,2018,106091,211,34,0,1,0
1793,39,109,2019,106995,232,10,0,0,0
1794,39,109,2020,107516,222,10,0,0,0
1795,39,113,2018,531954,306,53,0,3,0
1796,39,113,2019,532139,270,52,0,0,0
1797,39,113,2020,531610,242,35,0,1,0
1798,39,121,2018,14368,321,19,0,0,0
1799,39,121,2019,14451,342,17,0,0,0
1800,39,121,2020,14364,345,13,0,0,0
1801,39,133,2018,162367,241,42,0,0,0
1802,39,133,2019,162426,261,19,0,0,0
1803,39,133,2020,162583,234,31,0,0,0
1804,39,135,2018,41023,323,39,0,1,0
1805,39,135,2019,40848,319,42,0,0,0
1806,39,135,2020,40836,341,24,0,0,0
1807,39,145,2018,75338,354,11,0,0,0
1808,39,145,2019,75051,345,19,0,1,0
1809,39,145,2020,74347,360,6,0,0,0
1810,39,151,2018,371410,301,64,0,0,0
1811,39,151,2019,370723,255,66,0,0,0
1812,39,151,2020,369772,238,42,0,1,0
1813,39,153,2018,541451,314,51,0,0,0
1814,39,153,2019,540814,321,43,0,1,0
1815,39,153,2020,538866,334,31,0,0,0
1816,39,155,2018,198574,230,56,0,0,0
1817,39,155,2019,198069,244,41,0,0,0
1818,39,155,2020,196800,258,24,0,0,0
1819,39,165,2018,232539,194,43,0,4,0
1820,39,165,2019,235601,197,40,0,2,0
1821,39,165,2020,238412,203,41,0,2,0
1822,39,167,2018,60183,219,27,0,0,0
1823,39,167,2019,60018,228,18,0,0,0
1824,39,167,2020,59652,238,8,0,0,0
1825,39,173,2018,130627,217,27,0,2,0
1826,39,173,2019,131089,231,15,0,0,0
1827,39,173,2020,131113,220,10,0,0,0
1828,40,1,2018,22251,327,26,0,0,0
1829,40,1,2019,22224,346,10,0,0,0
1830,40,1,2020,21955,327,0,0,0,0
1831,40,13,2018,47290,264,39,0,1,0
1832,40,17,2018,144570,309,51,0,4,0
1833,40,17,2019,148635,319,39,0,0,0
1834,40,17,2020,153192,340,22,0,0,0
1835,40,19,2019,48328,234,39,0,0,0
1836,40,19,2020,48353,267,28,0,0,0
1837,40,23,2018,14666,262,14,0,0,0
1838,40,23,2019,14642,248,11,0,0,0
1839,40,27,2018,281559,308,52,0,2,0
1840,40,27,2019,284537,310,43,0,0,0
1841,40,27,2020,287066,279,23,0,0,0
1842,40,31,2018,121001,307,48,0,3,0
1843,40,31,2019,121224,286,45,0,0,0
1844,40,31,2020,121099,284,26,0,0,0
1845,40,37,2018,71693,316,30,0,1,0
1846,40,37,2019,71362,340,23,0,0,0
1847,40,37,2020,71485,354,12,0,0,0
1848,40,43,2018,4930,278,67,0,3,0
1849,40,43,2019,4896,305,30,0,0,0
1850,40,43,2020,4815,278,29,0,0,0
1851,40,67,2018,6088,213,53,0,4,0
1852,40,69,2019,11055,132,10,0,0,0
1853,40,69,2020,10824,274,18,0,0,0
1854,40,71,2018,44047,346,19,0,0,0
1855,40,71,2019,43668,352,13,0,0,0
1856,40,71,2020,43274,349,4,0,0,0
1857,40,85,2018,10109,215,53,0,5,0
1858,40,87,2018,39855,274,47,0,1,0
1859,40,97,2018,41173,233,31,0,1,0
1860,40,97,2019,41136,293,8,0,0,0
1861,40,97,2020,41152,264,0,0,0,0
1862,40,105,2018,10289,306,31,0,0,0
1863,40,105,2019,10123,343,21,0,1,0
1864,40,109,2018,790926,294,68,0,3,0
1865,40,109,2019,797563,298,66,0,1,0
1866,40,109,2020,804041,311,54,0,1,0
1867,40,113,2018,47074,309,49,0,3,0
1868,40,113,2019,46942,321,35,0,0,0
1869,40,113,2020,46642,334,22,0,0,0
1870,40,115,2018,31332,295,16,0,0,0
1871,40,115,2019,31180,153,3,0,0,0
1872,40,115,2020,30879,226,1,0,0,0
1873,40,121,2018,43842,316,37,0,0,0
1874,40,121,2019,43673,336,29,0,0,0
1875,40,121,2020,43679,356,10,0,0,0
1876,40,135,2018,41651,275,17,0,0,0
1877,40,135,2019,41599,271,9,0,0,0
1878,40,135,2020,41538,286,2,0,0,0
1879,40,143,2018,648496,296,66,1,2,0
1880,40,143,2019,652166,319,46,0,0,0
1881,40,143,2020,657589,333,32,0,1,0
1882,40,147,2018,51881,8,0,0,0,0
1883,40,147,2020,52222,306,12,0,0,0
1884,41,5,2018,415586,130,18,0,2,0
1885,41,5,2019,418199,147,7,0,0,0
1886,41,5,2020,421596,139,2,0,2,0
1887,41,9,2018,52408,154,0,0,0,0
1888,41,9,2019,52614,150,3,0,0,0
1889,41,9,2020,52876,148,1,0,0,0
1890,41,13,2018,23789,85,26,0,1,0
1891,41,13,2019,24388,92,22,0,0,0
1892,41,13,2020,25105,91,20,1,0,2
1893,41,29,2018,219616,149,63,5,6,0
1894,41,29,2019,220815,191,26,1,2,0
1895,41,29,2020,221844,180,35,0,2,2
1896,41,33,2018,87418,41,17,1,2,0
1897,41,33,2019,87679,43,16,0,1,0
1898,41,33,2020,88053,48,9,0,0,1
1899,41,35,2018,67810,66,38,8,4,0
1900,41,35,2019,68343,47,15,0,0,0
1901,41,35,2020,68739,44,12,0,2,1
1902,41,39,2018,378807,183,39,0,3,0
1903,41,39,2019,382064,184,39,0,2,0
1904,41,39,2020,382986,286,63,3,3,6
1905,41,47,2018,345512,141,13,0,0,0
1906,41,47,2019,347557,150,4,0,0,0
1907,41,47,2020,349204,140,6,0,0,0
1908,41,51,2018,809448,334,28,0,3,0
1909,41,51,2019,812439,346,18,0,0,0
1910,41,51,2020,815637,336,24,3,1,1
1911,41,59,2018,77332,93,7,0,0,0
1912,41,59,2019,77744,143,11,0,0,0
1913,41,59,2020,77752,143,4,0,0,0
1914,41,65,2018,26346,118,2,0,0,0
1915,41,67,2018,597030,342,21,0,2,0
1916,41,67,2019,600933,347,18,0,0,0
1917,41,67,2020,603514,337,24,2,1,2
1918,42,1,2018,103035,330,35,0,0,0
1919,42,1,2019,102776,343,22,0,0,0
1920,42,1,2020,102742,348,18,0,0,0
1921,42,3,2018,1217508,202,149,0,14,0
1922,42,3,2019,1215716,199,154,0,12,0
1923,42,3,2020,1211358,249,111,0,6,0
1924,42,5,2018,65411,336,25,0,1,0
1925,42,5,2019,64699,352,11,0,0,0
1926,42,5,2020,64162,326,21,0,2,0
1927,42,7,2018,164669,320,43,0,2,0
1928,42,7,2019,163956,325,40,0,0,0
1929,42,7,2020,162575,340,26,0,0,0
1930,42,11,2018,420407,279,82,0,3,0
1931,42,11,2019,420375,304,56,1,4,0
1932,42,11,2020,421017,318,46,0,0,0
1933,42,13,2018,122567,316,20,0,0,0
1934,42,13,2019,121942,340,12,0,0,0
1935,42,13,2020,121007,324,17,0,0,0
1936,42,15,2018,60858,336,16,0,0,0
1937,42,15,2019,60429,357,1,0,0,0
1938,42,15,2020,60221,359,2,0,0,0
1939,42,17,2018,628183,296,32,0,8,0
1940,42,17,2019,628497,322,37,0,1,0
1941,42,17,2020,627987,334,17,0,2,0
1942,42,21,2018,131478,356,8,0,0,0
1943,42,21,2019,130107,362,3,0,0,0
1944,42,21,2020,128672,354,12,0,0,0
1945,42,27,2018,162895,345,20,0,0,0
1946,42,27,2019,162095,353,12,0,0,0
1947,42,27,2020,161496,356,10,0,0,0
1948,42,29,2018,522256,320,29,0,1,0
1949,42,29,2019,525059,304,48,0,1,0
1950,42,29,2020,526759,332,16,0,1,0
1951,42,33,2018,79542,328,21,0,0,0
1952,42,33,2019,79183,360,2,0,0,0
1953,42,33,2020,78612,348,1,0,0,0
1954,42,41,2018,251486,291,55,0,0,0
1955,42,41,2019,253133,297,50,0,4,0
1956,42,41,2020,255857,249,27,0,1,0
1957,42,43,2018,276951,287,78,0,0,0
1958,42,43,2019,278427,296,65,0,4,0
1959,42,43,2020,279874,330,36,0,0,0
1960,42,45,2018,565506,327,33,0,3,0
1961,42,45,2019,566506,298,66,0,1,0
1962,42,45,2020,566753,306,53,0,1,0
1963,42,47,2018,30096,334,20,0,0,0
1964,42,47,2019,29894,353,8,0,0,0
1965,42,47,2020,29607,364,2,0,0,0
1966,42,49,2018,271780,351,14,0,0,0
1967,42,49,2019,269529,354,10,0,0,0
1968,42,49,2020,268426,351,12,0,0,0
1969,42,51,2018,130452,211,12,0,0,0
1970,42,51,2019,129422,342,15,0,0,0
1971,42,51,2020,128126,348,11,0,0,0
1972,42,55,2018,154943,347,11,0,0,0
1973,42,55,2019,155522,334,9,0,0,0
1974,42,55,2020,155637,365,0,0,0,0
1975,42,59,2018,36639,311,22,0,0,0
1976,42,59,2019,36062,314,7,0,0,0
1977,42,59,2020,35621,332,10,0,0,0
1978,42,63,2018,84578,329,31,0,0,0
1979,42,63,2019,84022,332,22,0,0,0
1980,42,63,2020,83664,337,17,0,1,0
1981,42,69,2018,210301,345,20,0,0,0
1982,42,69,2019,209808,355,10,0,0,0
1983,42,69,2020,208989,358,8,0,0,0
1984,42,71,2018,543960,260,104,0,1,0
1985,42,71,2019,545441,262,97,0,6,0
1986,42,71,2020,546192,306,58,0,0,0
1987,42,73,2018,86164,334,27,0,0,0
1988,42,73,2019,85504,358,5,0,0,0
1989,42,73,2020,85083,358,7,0,0,0
1990,42,75,2018,141116,272,91,0,0,0
1991,42,75,2019,141318,290,69,0,0,0
1992,42,75,2020,141663,144,24,0,1,0
1993,42,77,2018,368452,328,34,0,1,0
1994,42,77,2019,369308,340,21,0,0,0
1995,42,77,2020,370802,352,7,0,0,0
1996,42,79,2018,318093,344,21,0,0,0
1997,42,79,2019,317438,353,11,0,0,0
1998,42,79,2020,316982,357,1,0,0,0
1999,42,81,2018,114175,333,17,0,0,0
2000,42,81,2019,113581,352,7,0,0,0
2001,42,81,2020,113209,354,7,0,0,0
2002,42,85,2018,110575,323,41,0,1,0
2003,42,85,2019,109296,344,21,0,0,0
2004,42,85,2020,108545,347,19,0,0,0
2005,42,89,2018,169524,335,22,0,0,0
2006,42,89,2019,170083,346,8,0,0,0
2007,42,89,2020,170154,359,1,0,0,0
2008,42,91,2018,826995,284,31,0,3,0
2009,42,91,2019,830397,306,24,0,1,0
2010,42,91,2020,833869,305,25,0,0,0
2011,42,95,2018,304949,276,84,0,3,0
2012,42,95,2019,305515,303,57,0,1,0
2013,42,95,2020,305892,331,34,0,0,0
2014,42,101,2018,1586422,307,51,0,7,0
2015,42,101,2019,1584439,305,57,0,3,0
2016,42,101,2020,1578487,326,37,0,3,0
2017,42,111,2018,73951,340,22,0,0,0
2018,42,111,2019,73442,352,13,0,0,0
2019,42,111,2020,72916,359,7,0,0,0
2020,42,117,2018,40725,311,20,0,0,0
2021,42,117,2019,40665,334,1,0,0,0
2022,42,117,2020,40381,345,5,0,0,0
2023,42,123,2018,39528,354,0,0,0,0
2024,42,123,2019,39171,352,2,0,0,0
2025,42,123,2020,38911,358,7,0,0,0
2026,42,125,2018,207114,329,36,0,0,0
2027,42,125,2019,206866,330,35,0,0,0
2028,42,125,2020,206803,342,24,0,0,0
2029,42,129,2018,350600,343,16,0,2,0
2030,42,129,2019,348941,343,16,0,0,0
2031,42,129,2020,347087,360,5,0,0,0
2032,42,133,2018,448417,334,31,0,0,0
2033,42,133,2019,449341,345,20,0,0,0
2034,42,133,2020,450448,359,7,0,0,0
2035,44,7,2018,637298,328,32,0,5,0
2036,44,7,2019,637052,330,35,0,0,0
2037,44,7,2020,636547,339,26,0,1,0
2038,44,9,2018,126318,193,18,0,2,0
2039,44,9,2019,125874,193,20,0,1,0
2040,44,9,2020,125746,193,20,0,2,0
2041,45,3,2018,169703,211,19,0,0,0
2042,45,3,2019,171300,236,32,0,0,0
2043,45,3,2020,172895,261,1,0,0,0
2044,45,7,2018,200209,264,0,0,0,0
2045,45,7,2019,202424,182,45,0,0,0
2046,45,7,2020,204353,260,6,0,0,0
2047,45,15,2018,221841,262,5,0,0,0
2048,45,15,2019,228952,197,24,0,0,0
2049,45,15,2020,235987,221,0,0,0,0
2050,45,19,2018,406959,333,23,0,0,0
2051,45,19,2019,412615,318,37,0,1,0
2052,45,19,2020,417981,339,26,0,1,0
2053,45,25,2018,45807,256,26,0,0,0
2054,45,25,2019,45631,251,55,0,0,0
2055,45,25,2020,45606,285,5,0,0,0
2056,45,29,2018,37731,357,4,0,0,0
2057,45,29,2019,37705,8,0,0,0,0
2058,45,31,2018,66793,227,5,0,0,0
2059,45,31,2019,66656,240,45,0,0,0
2060,45,31,2020,66509,257,0,0,0,0
2061,45,37,2018,27151,330,24,0,0,0
2062,45,37,2019,27349,299,40,0,0,0
2063,45,37,2020,27120,335,7,0,0,0
2064,45,41,2018,138294,87,5,0,0,0
2065,45,41,2019,138128,102,16,0,0,0
2066,45,41,2020,137588,113,5,0,0,0
2067,45,45,2018,515572,312,53,0,0,0
2068,45,45,2019,524748,263,102,0,0,0
2069,45,45,2020,532486,320,45,0,1,0
2070,45,51,2018,344680,278,16,0,0,0
2071,45,51,2019,354418,216,48,0,0,0
2072,45,51,2020,365449,218,0,0,0,0
2073,45,63,2018,294766,332,25,0,0,0
2074,45,63,2019,299421,314,40,0,0,0
2075,45,63,2020,303946,324,27,0,1,0
2076,45,73,2018,78215,342,23,0,0,0
2077,45,73,2019,79450,326,39,0,0,0
2078,45,73,2020,80015,22,0,0,0,0
2079,45,77,2018,125176,251,23,0,0,0
2080,45,77,2019,126974,179,74,0,0,0
2081,45,79,2018,415159,332,33,0,0,0
2082,45,79,2019,417027,313,51,0,1,0
2083,45,79,2020,419051,353,13,0,0,0
2084,45,83,2018,314490,274,53,0,0,0
2085,45,83,2019,320254,262,87,0,0,0
2086,45,83,2020,326205,302,46,0,1,0
2087,45,91,2018,274188,327,36,0,2,0
2088,45,91,2019,281499,296,67,0,2,0
2089,45,91,2020,289105,365,1,0,0,0
2090,46,11,2018,35266,317,32,0,0,0
2091,46,11,2019,35463,301,58,0,1,0
2092,46,11,2020,35603,325,28,0,0,0
2093,46,13,2018,39103,114,6,0,1,0
2094,46,13,2019,38883,109,9,0,0,0
2095,46,29,2020,28186,310,6,0,0,0
2096,46,33,2018,8821,338,27,0,0,0
2097,46,33,2019,8929,361,4,0,0,0
2098,46,33,2020,9017,334,30,0,1,0
2099,46,71,2018,3277,314,29,0,0,0
2100,46,71,2019,3335,357,8,0,0,0
2101,46,71,2020,3321,341,17,0,0,0
2102,46,93,2018,28305,339,0,0,0,0
2103,46,93,2019,28469,362,3,0,0,0
2104,46,93,2020,28588,345,15,0,0,0
2105,46,99,2018,191250,319,43,0,2,0
2106,46,99,2019,194153,335,30,0,0,0
2107,46,99,2020,196659,342,24,0,0,0
2108,46,103,2018,112260,357,8,0,0,0
2109,46,103,2019,114407,358,6,0,0,0
2110,46,103,2020,115926,361,0,0,0,0
2111,46,127,2018,15616,335,29,0,1,0
2112,46,127,2019,16003,352,13,0,0,0
2113,46,127,2020,16192,352,14,0,0,0
2114,47,1,2018,76337,332,31,0,0,0
2115,47,1,2019,76991,313,52,0,0,0
2116,47,1,2020,77558,240,6,0,0,0
2117,47,9,2018,131595,334,31,0,0,0
2118,47,9,2019,133396,331,34,0,0,0
2119,47,9,2020,134751,356,10,0,0,0
2120,47,25,2018,31823,340,17,0,0,0
2121,47,25,2019,31919,336,16,0,0,0
2122,47,25,2020,32023,354,0,0,0,0
2123,47,37,2018,691298,274,90,0,1,0
2124,47,37,2019,692999,303,62,0,0,0
2125,47,37,2020,694176,341,25,0,0,0
2126,47,41,2018,20045,337,16,0,0,0
2127,47,41,2019,20409,344,21,0,0,0
2128,47,41,2020,20837,347,2,0,0,0
2129,47,65,2018,364626,234,51,0,0,0
2130,47,65,2019,367776,211,74,0,0,0
2131,47,65,2020,371662,260,25,0,1,0
2132,47,89,2018,53989,207,39,0,0,0
2133,47,89,2019,54563,205,31,0,0,0
2134,47,89,2020,55307,238,6,0,0,0
2135,47,93,2018,466787,237,51,0,1,0
2136,47,93,2019,470137,244,45,0,0,0
2137,47,93,2020,475609,269,18,0,0,0
2138,47,105,2018,53152,205,32,0,1,0
2139,47,105,2019,54039,174,29,0,0,0
2140,47,105,2020,54910,230,10,0,0,0
2141,47,155,2018,98231,321,43,0,1,0
2142,47,155,2019,98402,318,47,0,0,0
2143,47,155,2020,99244,349,17,0,0,0
2144,47,157,2018,937239,295,67,0,3,0
2145,47,157,2019,937070,300,63,0,2,0
2146,47,157,2020,936017,332,33,0,1,0
2147,47,163,2018,157785,260,95,0,10,0
2148,47,163,2019,158469,258,88,0,19,0
2149,47,163,2020,158755,331,32,0,3,0
2150,47,165,2018,187854,233,50,0,1,0
2151,47,165,2019,191497,226,51,0,0,0
2152,47,165,2020,195561,256,25,0,0,0
2153,47,187,2018,232517,217,29,0,0,0
2154,47,187,2019,238556,223,23,0,0,0
2155,47,187,2020,245348,235,9,0,0,0
2156,47,189,2018,140909,168,29,0,1,0
2157,47,189,2019,144507,210,23,0,0,0
2158,47,189,2020,148130,242,4,0,0,0
2159,48,27,2018,355722,325,37,0,3,0
2160,48,27,2019,363693,332,33,0,0,0
2161,48,27,2020,369927,336,30,0,0,0
2162,48,29,2018,1981061,307,54,0,4,0
2163,48,29,2019,2002445,317,44,0,4,0
2164,48,29,2020,2026823,297,65,0,4,0
2165,48,37,2018,93922,47,10,0,1,0
2166,48,39,2018,369470,332,29,0,4,0
2167,48,39,2019,374699,331,28,0,6,0
2168,48,39,2020,380518,332,32,1,1,0
2169,48,43,2018,9236,306,37,0,0,0
2170,48,43,2019,9144,324,31,0,0,0
2171,48,43,2020,9237,344,13,0,0,0
2172,48,61,2018,421446,354,11,0,0,0
2173,48,61,2019,422649,349,15,0,0,0
2174,48,61,2020,424180,319,2,0,0,0
2175,48,85,2018,1006012,308,50,0,6,0
2176,48,85,2019,1035072,312,48,0,5,0
2177,48,85,2020,1072069,325,40,0,1,0
2178,48,109,2019,2146,92,14,0,0,0
2179,48,109,2020,2149,72,56,0,2,0
2180,48,113,2018,2629764,261,88,0,16,0
2181,48,113,2019,2635603,283,78,0,4,0
2182,48,113,2020,2635888,299,65,0,2,0
2183,48,121,2018,858148,301,57,0,7,0
2184,48,121,2019,888765,307,54,0,4,0
2185,48,121,2020,919324,305,59,0,2,0
2186,48,139,2018,179094,319,43,0,3,0
2187,48,139,2019,184765,331,34,0,0,0
2188,48,139,2020,191760,336,30,0,0,0
2189,48,141,2018,835590,224,132,0,9,0
2190,48,141,2019,837501,239,119,0,7,0
2191,48,141,2020,841286,231,125,1,9,0
2192,48,167,2018,337639,328,32,1,4,0
2193,48,167,2019,341541,327,34,0,4,0
2194,48,167,2020,345089,328,34,0,2,0
2195,48,183,2018,123362,320,43,0,1,0
2196,48,183,2019,124098,330,34,0,1,0
2197,48,183,2020,124229,353,12,0,0,0
2198,48,201,2018,4676913,224,123,2,16,0
2199,48,201,2019,4709243,199,145,2,19,0
2200,48,201,2020,4738253,210,144,0,12,0
2201,48,203,2018,66693,334,30,0,1,0
2202,48,203,2019,66484,328,36,0,1,0
2203,48,203,2020,66386,350,15,0,0,0
2204,48,215,2018,860765,332,32,0,0,0
2205,48,215,2019,867221,329,33,0,0,0
2206,48,215,2020,875200,297,27,0,2,0
2207,48,221,2018,60249,323,37,0,3,0
2208,48,221,2019,61762,328,29,0,1,0
2209,48,221,2020,63527,339,26,0,0,0
2210,48,227,2018,35813,316,43,1,4,0
2211,48,227,2019,36732,323,38,0,2,0
2212,48,227,2020,36540,282,58,1,6,0
2213,48,231,2018,96667,333,29,0,3,0
2214,48,231,2019,98559,352,13,0,0,0
2215,48,231,2020,99807,353,13,0,0,0
2216,48,233,2018,21068,228,51,7,76,0
2217,48,233,2019,20899,225,62,2,72,0
2218,48,233,2020,20677,238,69,0,57,0
2219,48,245,2018,252655,304,55,0,6,0
2220,48,245,2019,251315,311,49,1,4,0
2221,48,245,2020,250127,329,34,0,1,0
2222,48,251,2018,171294,314,41,0,5,0
2223,48,251,2019,175997,311,44,0,3,0
2224,48,251,2020,179575,325,26,0,0,0
2225,48,257,2018,128512,331,33,0,1,0
2226,48,257,2019,136459,342,23,0,0,0
2227,48,257,2020,143198,352,14,0,0,0
2228,48,309,2018,254204,284,29,0,0,0
2229,48,309,2019,257080,337,28,0,0,0
2230,48,309,2020,259730,341,25,0,0,0
2231,48,339,2018,590127,316,43,0,6,0
2232,48,339,2019,607583,329,32,0,4,0
2233,48,339,2020,626351,338,24,0,4,0
2234,48,349,2018,49556,281,77,1,6,0
2235,48,349,2019,49978,292,61,3,9,0
2236,48,349,2020,50694,318,42,0,6,0
2237,48,355,2018,362177,344,21,0,0,0
2238,48,355,2019,362347,341,24,0,0,0
2239,48,355,2020,363148,339,26,0,1,0
2240,48,361,2018,83207,315,44,0,6,0
2241,48,361,2019,83086,328,35,0,2,0
2242,48,361,2020,82878,329,28,0,0,0
2243,48,367,2018,138254,327,31,0,4,0
2244,48,367,2019,143149,327,38,0,0,0
2245,48,367,2020,148198,337,25,0,1,0
2246,48,373,2018,49933,351,14,0,0,0
2247,48,373,2019,51254,341,8,0,0,0
2248,48,373,2020,52995,352,8,0,0,0
2249,48,375,2018,118344,298,52,1,14,0
2250,48,375,2019,116818,327,31,0,7,0
2251,48,375,2020,116004,321,35,0,10,0
2252,48,381,2018,135745,273,90,0,1,0
2253,48,381,2019,137770,293,65,0,1,0
2254,48,381,2020,139899,289,69,0,0,0
2255,48,395,2018,17237,338,0,0,0,0
2256,48,395,2019,17104,365,0,0,0,0
2257,48,395,2020,17155,350,0,0,0,0
2258,48,397,2018,100592,297,17,0,4,0
2259,48,397,2019,104862,324,16,0,0,0
2260,48,397,2020,109888,350,13,0,1,0
2261,48,401,2018,54246,324,32,0,9,0
2262,48,401,2019,54386,319,39,0,7,0
2263,48,401,2020,54324,342,20,0,4,0
2264,48,423,2018,229860,328,36,0,1,0
2265,48,423,2019,232916,331,33,0,1,0
2266,48,423,2020,235806,353,13,0,0,0
2267,48,439,2018,2080998,283,68,0,14,0
2268,48,439,2019,2101282,288,67,0,10,0
2269,48,439,2020,2123347,301,56,0,9,0
2270,48,449,2018,32767,357,0,0,0,0
2271,48,449,2019,32744,357,2,0,0,0
2272,48,449,2020,32926,357,0,0,0,0
2273,48,453,2018,1246693,321,41,0,3,0
2274,48,453,2019,1273567,336,28,0,1,0
2275,48,453,2020,1300503,343,23,0,0,0
2276,48,469,2018,91829,280,8,0,1,0
2277,48,469,2019,92021,326,21,0,0,0
2278,48,469,2020,91936,313,18,0,0,0
2279,48,479,2018,274734,307,7,0,0,0
2280,48,479,2019,276387,358,7,0,0,0
2281,48,479,2020,277681,357,9,0,0,0
2282,48,493,2020,52023,366,0,0,0,0
2283,49,3,2018,54807,248,114,0,3,0
2284,49,3,2019,55957,269,37,0,1,0
2285,49,3,2020,57007,313,31,0,2,0
2286,49,5,2018,126574,288,75,0,0,0
2287,49,5,2019,128309,332,33,0,0,0
2288,49,5,2020,130004,344,20,0,2,0
2289,49,7,2018,20248,238,125,0,2,0
2290,49,7,2019,20476,280,84,0,0,0
2291,49,7,2020,20760,316,35,0,0,0
2292,49,11,2018,351154,225,129,0,9,0
2293,49,11,2019,355304,281,80,0,3,0
2294,49,11,2020,359232,277,81,0,6,0
2295,49,13,2018,19902,245,117,0,3,0
2296,49,13,2019,19877,265,91,1,8,0
2297,49,13,2020,19894,318,48,0,0,0
2298,49,17,2018,4970,270,94,0,1,0
2299,49,17,2019,5000,253,23,0,0,0
2300,49,17,2020,5050,346,20,0,0,0
2301,49,21,2018,52959,239,93,0,0,0
2302,49,21,2019,55269,335,23,0,0,0
2303,49,21,2020,56814,352,14,0,0,0
2304,49,35,2018,1148949,164,179,1,21,0
2305,49,35,2019,1158585,208,151,0,6,0
2306,49,35,2020,1165517,229,124,0,13,0
2307,49,37,2018,15336,247,105,0,2,0
2308,49,37,2019,15228,321,43,0,0,0
2309,49,37,2020,15278,329,34,0,0,0
2310,49,45,2018,69946,253,86,0,4,0
2311,49,45,2019,72110,325,34,0,0,0
2312,49,45,2020,74512,330,35,0,1,0
2313,49,47,2018,35407,209,153,0,3,0
2314,49,47,2019,35806,252,100,5,8,0
2315,49,47,2020,35970,302,62,0,2,0
2316,49,49,2018,622076,231,113,0,21,0
2317,49,49,2019,635675,270,95,0,0,0
2318,49,49,2020,651059,251,110,0,5,0
2319,49,53,2018,172051,255,110,0,0,0
2320,49,53,2019,177938,312,53,0,0,0
2321,49,53,2020,184913,312,53,0,1,0
2322,49,57,2018,255454,219,136,0,10,0
2323,49,57,2019,259680,254,55,0,0,0
2324,49,57,2020,262658,276,82,0,4,0
2325,50,3,2018,35635,350,10,0,0,0
2326,50,3,2019,35532,356,5,0,0,0
2327,50,3,2020,35338,365,1,0,0,0
2328,50,7,2018,163755,353,12,0,0,0
2329,50,7,2019,163918,364,1,0,0,0
2330,50,7,2020,164306,358,8,0,0,0
2331,50,21,2018,58590,348,17,0,0,0
2332,50,21,2019,58125,361,4,0,0,0
2333,50,21,2020,57764,362,3,0,0,0
2334,51,3,2018,108832,258,28,0,0,0
2335,51,3,2019,109843,270,13,0,0,0
2336,51,3,2020,110652,280,2,0,0,0
2337,51,13,2018,236662,315,49,0,1,0
2338,51,13,2019,238392,311,51,0,1,0
2339,51,13,2020,240119,346,20,0,0,0
2340,51,33,2018,30766,225,18,0,0,0
2341,51,33,2019,30745,233,10,0,0,0
2342,51,33,2020,30860,234,3,0,0,0
2343,51,36,2018,6983,333,26,0,0,0
2344,51,36,2019,6969,346,13,0,0,0
2345,51,36,2020,6821,363,2,0,0,0
2346,51,41,2018,348704,255,20,0,0,0
2347,51,41,2019,353376,259,21,0,0,0
2348,51,41,2020,358245,280,2,0,0,0
2349,51,59,2018,1149688,315,50,0,0,0
2350,51,59,2019,1152359,303,62,0,0,0
2351,51,59,2020,1150847,355,11,0,0,0
2352,51,61,2018,70722,235,10,0,0,0
2353,51,61,2019,71297,235,2,0,0,0
2354,51,61,2020,71361,242,1,0,0,0
2355,51,69,2018,88378,262,23,0,0,0
2356,51,69,2019,89483,271,14,0,0,0
2357,51,69,2020,91119,272,9,0,0,0
2358,51,71,2018,16829,328,31,0,0,0
2359,51,71,2019,16693,335,18,0,0,0
2360,51,71,2020,16663,344,3,0,0,0
2361,51,85,2018,106821,217,24,0,0,0
2362,51,85,2019,107535,220,26,0,0,0
2363,51,85,2020,108262,244,2,0,0,0
2364,51,87,2018,329917,331,32,0,1,0
2365,51,87,2019,332513,334,29,0,0,0
2366,51,87,2020,333766,360,6,0,0,0
2367,51,107,2018,405964,325,40,0,0,0
2368,51,107,2019,414872,306,34,0,1,0
2369,51,107,2020,422784,354,12,0,0,0
2370,51,113,2018,13198,335,26,0,0,0
2371,51,113,2019,13213,347,17,0,0,0
2372,51,113,2020,13312,358,2,0,0,0
2373,51,147,2018,22879,339,13,0,0,0
2374,51,147,2019,22827,357,7,0,0,0
2375,51,147,2020,23006,364,0,0,0,0
2376,51,153,2018,466658,321,27,0,0,0
2377,51,153,2019,471774,350,15,0,0,0
2378,51,153,2020,475533,360,5,0,0,0
2379,51,161,2018,94161,334,30,0,0,0
2380,51,161,2019,94423,349,16,0,0,0
2381,51,161,2020,94509,360,6,0,0,0
2382,51,163,2018,22904,213,9,0,0,0
2383,51,163,2019,22774,238,8,0,0,0
2384,51,163,2020,22757,245,0,0,0,0
2385,51,165,2018,81353,344,20,0,0,0
2386,51,165,2019,82140,351,13,0,0,0
2387,51,165,2020,82346,358,7,0,0,0
2388,51,179,2018,149891,227,18,0,1,0
2389,51,179,2019,153775,231,11,0,0,0
2390,51,179,2020,156748,357,4,0,0,0
2391,51,197,2018,28659,218,24,0,0,0
2392,51,197,2019,28618,238,7,0,0,0
2393,51,197,2020,28620,236,2,0,0,0
2394,51,520,2018,16835,108,8,0,0,0
2395,51,520,2019,17036,113,4,0,0,0
2396,51,520,2020,17329,112,3,0,0,0
2397,51,650,2018,134800,342,20,0,0,0
2398,51,650,2019,135048,339,23,0,0,0
2399,51,650,2020,135464,364,2,0,0,0
2400,51,680,2018,81096,106,4,0,0,0
2401,51,680,2019,81753,107,1,0,0,0
2402,51,680,2020,81561,109,1,0,0,0
2403,51,710,2018,244168,357,5,0,0,0
2404,51,710,2019,243581,358,5,0,0,0
2405,51,710,2020,242803,363,2,0,0,0
2406,51,760,2018,229621,347,15,0,0,0
2407,51,760,2019,231027,351,9,0,0,0
2408,51,760,2020,232226,358,5,0,0,0
2409,51,775,2018,25271,103,9,0,0,0
2410,51,775,2019,25209,113,4,0,0,0
2411,51,775,2020,25340,106,4,0,0,0
2412,51,800,2018,91135,231,15,0,0,0
2413,51,800,2019,92277,231,15,0,0,0
2414,51,800,2020,93913,244,2,0,0,0
2415,51,810,2018,450488,98,9,0,0,0
2416,51,810,2019,450766,106,8,0,0,0
2417,51,810,2020,451231,103,4,0,0,0
2418,53,5,2018,201174,125,26,0,3,0
2419,53,5,2019,204173,155,10,0,0,0
2420,53,5,2020,206426,136,9,0,0,0
2421,53,7,2018,76612,352,0,0,0,0
2422,53,7,2019,77053,365,0,0,0,0
2423,53,7,2020,77574,349,0,0,0,0
2424,53,9,2018,76792,360,4,0,0,0
2425,53,9,2019,77457,363,0,0,0,0
2426,53,9,2020,78067,356,0,0,0,0
2427,53,11,2018,482467,141,10,0,0,0
2428,53,11,2019,489271,150,4,0,0,0
2429,53,11,2020,496865,83,3,0,0,0
2430,53,13,2020,4048,57,0,0,0,0
2431,53,25,2018,96497,269,0,0,0,0
2432,53,33,2018,2228488,323,34,1,7,0
2433,53,33,2019,2249653,352,13,0,0,0
2434,53,33,2020,2274315,349,16,0,1,0
2435,53,53,2018,894951,294,65,2,4,0
2436,53,53,2019,905719,297,67,0,1,0
2437,53,53,2020,913890,320,45,1,0,0
2438,53,57,2018,127728,365,0,0,0,0
2439,53,57,2019,129181,353,0,0,0,0
2440,53,57,2020,130789,142,0,0,0,0
2441,53,63,2018,513502,130,20,0,2,0
2442,53,63,2019,522231,147,6,0,0,0
2443,53,63,2020,528225,145,3,0,0,0
2444,53,67,2018,285672,142,9,0,0,0
2445,53,67,2019,289661,271,2,0,0,0
2446,53,67,2020,294074,136,6,0,0,0
2447,53,73,2018,225098,268,88,0,9,0
2448,53,73,2019,228675,287,72,0,6,0
2449,53,73,2020,231016,327,38,0,1,0
2450,53,77,2018,250633,78,23,0,1,0
2451,53,77,2019,251552,85,26,0,1,0
2452,53,77,2020,251879,57,14,1,2,1
2453,54,3,2018,117472,252,29,0,0,0
2454,54,3,2019,119623,257,20,0,2,0
2455,54,3,2020,122125,266,14,0,0,0
2456,54,9,2018,22130,362,2,0,1,0
2457,54,9,2019,21924,362,3,0,0,0
2458,54,9,2020,21674,362,4,0,0,0
2459,54,11,2018,92935,245,36,0,0,0
2460,54,11,2019,91897,227,9,0,0,0
2461,54,11,2020,91589,238,7,0,0,0
2462,54,21,2018,7937,354,10,0,0,0
2463,54,21,2019,7888,346,2,0,0,0
2464,54,21,2020,7811,364,0,0,0,0
2465,54,25,2018,34767,232,6,0,0,0
2466,54,25,2019,34634,233,13,0,0,0
2467,54,25,2020,34319,233,1,0,0,0
2468,54,29,2018,29096,339,26,0,0,0
2469,54,29,2019,28834,344,19,0,0,0
2470,54,29,2020,28571,345,20,0,1,0
2471,54,33,2018,67547,104,12,0,0,0
2472,54,33,2019,67339,101,10,0,0,0
2473,54,33,2020,66870,110,6,0,0,0
2474,54,39,2018,180497,346,19,0,0,0
2475,54,39,2019,178393,331,34,0,0,0
2476,54,39,2020,176253,357,9,0,0,0
2477,54,49,2018,56132,105,11,0,0,0
2478,54,49,2019,56077,87,12,0,0,0
2479,54,49,2020,55962,69,4,0,0,0
2480,54,53,2018,26795,349,8,0,1,0
2481,54,53,2019,26572,357,6,0,1,0
2482,54,53,2020,26335,352,11,0,2,0
2483,54,57,2018,26979,321,23,4,11,0
2484,54,57,2019,26904,329,11,1,9,0
2485,54,57,2020,26722,144,0,0,0,0
2486,54,61,2018,105930,223,22,0,0,0
2487,54,61,2019,106281,232,14,0,0,0
2488,54,61,2020,106819,224,11,0,0,0
2489,54,69,2018,41841,218,28,0,0,0
2490,54,69,2019,41626,230,16,0,0,0
2491,54,69,2020,41182,212,19,0,0,0
2492,54,93,2018,6957,344,21,0,0,0
2493,54,93,2019,6891,355,8,0,0,0
2494,54,93,2020,6816,360,0,0,0,0
2495,54,107,2018,84343,346,18,0,0,0
2496,54,107,2019,83668,338,24,0,0,0
2497,54,107,2020,82938,346,19,0,0,0
2498,55,3,2018,15553,349,16,0,0,0
2499,55,3,2019,15506,359,6,0,0,0
2500,55,3,2020,15415,364,2,0,0,0
2501,55,9,2018,262985,338,27,0,0,0
2502,55,9,2019,263899,357,8,0,0,0
2503,55,9,2020,264610,355,10,0,1,0
2504,55,21,2018,57275,224,23,0,1,0
2505,55,21,2019,57537,190,7,0,0,0
2506,55,21,2020,57668,189,14,0,1,0
2507,55,25,2018,542448,333,31,0,1,0
2508,55,25,2019,547637,346,19,0,0,0
2509,55,25,2020,552536,346,19,0,1,0
2510,55,27,2018,87796,324,39,0,1,0
2511,55,27,2019,87626,339,25,0,1,0
2512,55,27,2020,87336,338,24,0,2,0
2513,55,29,2018,27638,207,17,0,4,0
2514,55,29,2019,27752,194,7,0,1,0
2515,55,29,2020,27889,187,14,0,4,0
2516,55,35,2018,104276,218,27,0,1,0
2517,55,35,2019,104466,201,5,0,0,0
2518,55,35,2020,105260,200,8,0,0,0
2519,55,39,2018,102777,223,25,0,0,0
2520,55,39,2019,103079,198,5,0,0,0
2521,55,39,2020,102902,199,8,0,2,0
2522,55,41,2018,9001,336,29,0,0,0
2523,55,41,2019,9034,354,6,0,0,0
2524,55,41,2020,8960,334,7,0,0,0
2525,55,55,2018,85091,219,28,0,1,0
2526,55,55,2019,84829,195,9,0,0,0
2527,55,55,2020,85038,191,17,0,2,0
2528,55,59,2018,169054,208,40,0,11,0
2529,55,59,2019,169760,223,32,0,1,0
2530,55,59,2020,169671,207,37,1,6,0
2531,55,61,2018,20367,205,33,0,3,0
2532,55,61,2019,20451,202,8,0,0,0
2533,55,61,2020,20386,195,12,0,0,0
2534,55,63,2018,118220,234,20,0,0,0
2535,55,63,2019,118151,201,5,0,0,0
2536,55,63,2020,118502,204,7,0,0,0
2537,55,71,2018,78925,209,25,1,4,0
2538,55,71,2019,78785,189,13,0,0,0
2539,55,71,2020,78757,170,20,0,2,0
2540,55,73,2018,135478,208,25,0,0,0
2541,55,73,2019,135697,198,8,0,0,0
2542,55,73,2020,135593,196,3,0,0,0
2543,55,79,2018,947908,304,58,0,3,0
2544,55,79,2019,947011,333,32,0,0,0
2545,55,79,2020,945016,328,33,1,4,0
2546,55,87,2018,187012,311,47,0,7,0
2547,55,87,2019,187927,356,9,0,0,0
2548,55,87,2020,188766,341,21,0,4,0
2549,55,89,2018,89302,210,40,1,2,0
2550,55,89,2019,89597,192,19,0,0,0
2551,55,89,2020,90043,176,30,0,3,0
2552,55,101,2018,196348,192,39,0,6,0
2553,55,101,2019,196204,174,28,0,1,0
2554,55,101,2020,195802,165,30,1,4,0
2555,55,105,2018,162817,220,27,0,1,0
2556,55,105,2019,163120,193,11,0,0,0
2557,55,105,2020,163084,193,18,0,0,0
2558,55,111,2018,64306,226,25,0,1,0
2559,55,111,2019,64420,199,9,0,0,0
2560,55,111,2020,64449,192,11,0,1,0
2561,55,117,2018,115161,190,40,2,7,0
2562,55,117,2019,115232,184,22,0,0,0
2563,55,117,2020,115240,173,29,0,5,0
2564,55,119,2018,20346,345,19,0,0,0
2565,55,119,2019,20340,352,9,0,0,0
2566,55,119,2020,20318,359,7,0,0,0
2567,55,125,2018,21949,222,16,0,0,0
2568,55,125,2019,22153,196,5,0,0,0
2569,55,125,2020,22356,199,7,0,0,0
2570,55,127,2018,103547,210,26,0,2,0
2571,55,127,2019,103898,191,14,0,1,0
2572,55,127,2020,103953,185,11,0,4,0
2573,55,133,2018,402705,223,33,0,1,0
2574,55,133,2019,404545,220,15,0,1,0
2575,55,133,2020,406172,203,24,0,2,0
2576,56,1,2018,38937,254,98,0,1,0
2577,56,1,2019,38819,292,69,0,0,0
2578,56,1,2020,38950,293,54,1,3,0
2579,56,3,2018,11887,324,31,0,0,0
2580,56,3,2019,11746,354,7,0,0,0
2581,56,3,2020,11575,353,6,0,1,0
2582,56,5,2018,46349,334,31,0,0,0
2583,56,5,2019,46420,363,2,0,0,0
2584,56,5,2020,46676,339,23,0,0,0
2585,56,7,2018,14841,301,63,0,0,0
2586,56,7,2019,14832,335,29,0,1,0
2587,56,9,2018,13682,329,36,0,0,0
2588,56,9,2019,13865,343,22,0,0,0
2589,56,9,2020,13804,325,35,0,3,0
2590,56,13,2018,39656,270,93,0,2,0
2591,56,13,2019,39467,306,57,0,2,0
2592,56,13,2020,39317,307,56,0,3,0
2593,56,19,2018,8505,201,27,0,0,0
2594,56,19,2019,8548,349,14,0,0,0
2595,56,19,2020,8588,350,16,0,0,0
2596,56,21,2018,99264,305,60,0,0,0
2597,56,21,2019,99865,328,37,0,0,0
2598,56,21,2020,100595,324,23,0,1,0
2599,56,25,2018,79140,304,61,0,0,0
2600,56,25,2019,79734,342,23,0,0,0
2601,56,25,2020,80815,332,32,0,2,0
2602,56,29,2018,29309,134,2,0,0,0
2603,56,29,2019,29192,271,6,0,0,0
2604,56,33,2018,30277,298,67,0,0,0
2605,56,33,2019,30597,318,30,0,0,0
2606,56,33,2020,30863,346,20,0,0,0
2607,56,35,2018,9827,259,106,0,0,0
2608,56,35,2019,9867,279,79,2,5,0
2609,56,35,2020,9856,316,46,0,4,0
2610,56,37,2018,43188,254,109,0,2,0
2611,56,37,2019,42917,297,66,0,2,0
2612,56,37,2020,42673,313,51,0,2,0
2613,56,39,2018,23261,313,52,0,0,0
2614,56,39,2019,23385,338,27,0,0,0
2615,56,39,2020,23497,338,26,0,2,0
2616,56,41,2018,20299,302,63,0,0,0
2617,56,41,2019,20196,318,47,0,0,0
2618,56,41,2020,20215,208,28,0,2,0
2619,56,45,2018,6895,310,38,0,0,0
2620,56,45,2019,6880,346,18,0,0,0
2621,56,45,2020,6743,332,24,0,1,0
